/*
 Navicat MySQL Data Transfer

 Source Server         : localhost
 Source Server Version : 50163
 Source Host           : localhost
 Source Database       : otc

 Target Server Version : 50163
 File Encoding         : utf-8

 Date: 10/16/2014 19:05:01 PM
*/

SET NAMES utf8;
SET FOREIGN_KEY_CHECKS = 0;

-- ----------------------------
--  Table structure for `auth_group`
-- ----------------------------
DROP TABLE IF EXISTS `auth_group`;
CREATE TABLE `auth_group` (
  `id` int(11) NOT NULL AUTO_INCREMENT,
  `name` varchar(80) NOT NULL,
  PRIMARY KEY (`id`),
  UNIQUE KEY `name` (`name`)
) ENGINE=MyISAM DEFAULT CHARSET=utf8;

-- ----------------------------
--  Table structure for `auth_group_permissions`
-- ----------------------------
DROP TABLE IF EXISTS `auth_group_permissions`;
CREATE TABLE `auth_group_permissions` (
  `id` int(11) NOT NULL AUTO_INCREMENT,
  `group_id` int(11) NOT NULL,
  `permission_id` int(11) NOT NULL,
  PRIMARY KEY (`id`),
  UNIQUE KEY `group_id` (`group_id`,`permission_id`),
  KEY `auth_group_permissions_5f412f9a` (`group_id`),
  KEY `auth_group_permissions_83d7f98b` (`permission_id`)
) ENGINE=MyISAM DEFAULT CHARSET=utf8;

-- ----------------------------
--  Table structure for `auth_permission`
-- ----------------------------
DROP TABLE IF EXISTS `auth_permission`;
CREATE TABLE `auth_permission` (
  `id` int(11) NOT NULL AUTO_INCREMENT,
  `name` varchar(50) NOT NULL,
  `content_type_id` int(11) NOT NULL,
  `codename` varchar(100) NOT NULL,
  PRIMARY KEY (`id`),
  UNIQUE KEY `content_type_id` (`content_type_id`,`codename`),
  KEY `auth_permission_37ef4eb4` (`content_type_id`)
) ENGINE=MyISAM AUTO_INCREMENT=49 DEFAULT CHARSET=utf8;

-- ----------------------------
--  Records of `auth_permission`
-- ----------------------------
BEGIN;
INSERT INTO `auth_permission` VALUES ('1', 'Can add log entry', '1', 'add_logentry'), ('2', 'Can change log entry', '1', 'change_logentry'), ('3', 'Can delete log entry', '1', 'delete_logentry'), ('4', 'Can add permission', '2', 'add_permission'), ('5', 'Can change permission', '2', 'change_permission'), ('6', 'Can delete permission', '2', 'delete_permission'), ('7', 'Can add group', '3', 'add_group'), ('8', 'Can change group', '3', 'change_group'), ('9', 'Can delete group', '3', 'delete_group'), ('10', 'Can add user', '4', 'add_user'), ('11', 'Can change user', '4', 'change_user'), ('12', 'Can delete user', '4', 'delete_user'), ('13', 'Can add content type', '5', 'add_contenttype'), ('14', 'Can change content type', '5', 'change_contenttype'), ('15', 'Can delete content type', '5', 'delete_contenttype'), ('16', 'Can add session', '6', 'add_session'), ('17', 'Can change session', '6', 'change_session'), ('18', 'Can delete session', '6', 'delete_session'), ('19', 'Can add 市场', '7', 'add_region'), ('20', 'Can change 市场', '7', 'change_region'), ('21', 'Can delete 市场', '7', 'delete_region'), ('22', 'Can add otc', '8', 'add_otc'), ('23', 'Can change otc', '8', 'change_otc'), ('24', 'Can delete otc', '8', 'delete_otc'), ('25', 'Can add 市场容量', '9', 'add_industry'), ('26', 'Can change 市场容量', '9', 'change_industry'), ('27', 'Can delete 市场容量', '9', 'delete_industry'), ('28', 'Can add 市场容量指数', '10', 'add_industry_index'), ('29', 'Can change 市场容量指数', '10', 'change_industry_index'), ('30', 'Can delete 市场容量指数', '10', 'delete_industry_index'), ('31', 'Can add OTC公告', '11', 'add_otc_new'), ('32', 'Can change OTC公告', '11', 'change_otc_new'), ('33', 'Can delete OTC公告', '11', 'delete_otc_new'), ('34', 'Can add OTC研告', '12', 'add_otc_study'), ('35', 'Can change OTC研告', '12', 'change_otc_study'), ('36', 'Can delete OTC研告', '12', 'delete_otc_study'), ('37', 'Can add 近期热门证券', '13', 'add_otc_hot'), ('38', 'Can change 近期热门证券', '13', 'change_otc_hot'), ('39', 'Can delete 近期热门证券', '13', 'delete_otc_hot'), ('40', 'Can add 基础数据', '14', 'add_otc_base'), ('41', 'Can change 基础数据', '14', 'change_otc_base'), ('42', 'Can delete 基础数据', '14', 'delete_otc_base'), ('43', 'Can add otc_index', '15', 'add_otc_index'), ('44', 'Can change otc_index', '15', 'change_otc_index'), ('45', 'Can delete otc_index', '15', 'delete_otc_index'), ('46', 'Can add otc_deal', '16', 'add_otc_deal'), ('47', 'Can change otc_deal', '16', 'change_otc_deal'), ('48', 'Can delete otc_deal', '16', 'delete_otc_deal');
COMMIT;

-- ----------------------------
--  Table structure for `auth_user`
-- ----------------------------
DROP TABLE IF EXISTS `auth_user`;
CREATE TABLE `auth_user` (
  `id` int(11) NOT NULL AUTO_INCREMENT,
  `password` varchar(128) NOT NULL,
  `last_login` datetime NOT NULL,
  `is_superuser` tinyint(1) NOT NULL,
  `username` varchar(30) NOT NULL,
  `first_name` varchar(30) NOT NULL,
  `last_name` varchar(30) NOT NULL,
  `email` varchar(75) NOT NULL,
  `is_staff` tinyint(1) NOT NULL,
  `is_active` tinyint(1) NOT NULL,
  `date_joined` datetime NOT NULL,
  PRIMARY KEY (`id`),
  UNIQUE KEY `username` (`username`)
) ENGINE=MyISAM AUTO_INCREMENT=2 DEFAULT CHARSET=utf8;

-- ----------------------------
--  Records of `auth_user`
-- ----------------------------
BEGIN;
INSERT INTO `auth_user` VALUES ('1', 'pbkdf2_sha256$12000$OGVhLW8spoL9$8MbMdEHGL3xb/XnebU3eTLeUyMqfRTzgPq8k1FHeFzE=', '2014-10-15 14:38:24', '1', 'test', '', '', 'test@test.com', '1', '1', '2014-10-15 13:55:25');
COMMIT;

-- ----------------------------
--  Table structure for `auth_user_groups`
-- ----------------------------
DROP TABLE IF EXISTS `auth_user_groups`;
CREATE TABLE `auth_user_groups` (
  `id` int(11) NOT NULL AUTO_INCREMENT,
  `user_id` int(11) NOT NULL,
  `group_id` int(11) NOT NULL,
  PRIMARY KEY (`id`),
  UNIQUE KEY `user_id` (`user_id`,`group_id`),
  KEY `auth_user_groups_6340c63c` (`user_id`),
  KEY `auth_user_groups_5f412f9a` (`group_id`)
) ENGINE=MyISAM DEFAULT CHARSET=utf8;

-- ----------------------------
--  Table structure for `auth_user_user_permissions`
-- ----------------------------
DROP TABLE IF EXISTS `auth_user_user_permissions`;
CREATE TABLE `auth_user_user_permissions` (
  `id` int(11) NOT NULL AUTO_INCREMENT,
  `user_id` int(11) NOT NULL,
  `permission_id` int(11) NOT NULL,
  PRIMARY KEY (`id`),
  UNIQUE KEY `user_id` (`user_id`,`permission_id`),
  KEY `auth_user_user_permissions_6340c63c` (`user_id`),
  KEY `auth_user_user_permissions_83d7f98b` (`permission_id`)
) ENGINE=MyISAM DEFAULT CHARSET=utf8;

-- ----------------------------
--  Table structure for `django_admin_log`
-- ----------------------------
DROP TABLE IF EXISTS `django_admin_log`;
CREATE TABLE `django_admin_log` (
  `id` int(11) NOT NULL AUTO_INCREMENT,
  `action_time` datetime NOT NULL,
  `user_id` int(11) NOT NULL,
  `content_type_id` int(11) DEFAULT NULL,
  `object_id` longtext,
  `object_repr` varchar(200) NOT NULL,
  `action_flag` smallint(5) unsigned NOT NULL,
  `change_message` longtext NOT NULL,
  PRIMARY KEY (`id`),
  KEY `django_admin_log_6340c63c` (`user_id`),
  KEY `django_admin_log_37ef4eb4` (`content_type_id`)
) ENGINE=MyISAM DEFAULT CHARSET=utf8;

-- ----------------------------
--  Table structure for `django_content_type`
-- ----------------------------
DROP TABLE IF EXISTS `django_content_type`;
CREATE TABLE `django_content_type` (
  `id` int(11) NOT NULL AUTO_INCREMENT,
  `name` varchar(100) NOT NULL,
  `app_label` varchar(100) NOT NULL,
  `model` varchar(100) NOT NULL,
  PRIMARY KEY (`id`),
  UNIQUE KEY `app_label` (`app_label`,`model`)
) ENGINE=MyISAM AUTO_INCREMENT=17 DEFAULT CHARSET=utf8;

-- ----------------------------
--  Records of `django_content_type`
-- ----------------------------
BEGIN;
INSERT INTO `django_content_type` VALUES ('1', 'log entry', 'admin', 'logentry'), ('2', 'permission', 'auth', 'permission'), ('3', 'group', 'auth', 'group'), ('4', 'user', 'auth', 'user'), ('5', 'content type', 'contenttypes', 'contenttype'), ('6', 'session', 'sessions', 'session'), ('7', '市场', 'otc', 'region'), ('8', 'otc', 'otc', 'otc'), ('9', '市场容量', 'otc', 'industry'), ('10', '市场容量指数', 'otc', 'industry_index'), ('11', 'OTC公告', 'otc', 'otc_new'), ('12', 'OTC研告', 'otc', 'otc_study'), ('13', '近期热门证券', 'otc', 'otc_hot'), ('14', '基础数据', 'otc', 'otc_base'), ('15', 'otc_index', 'otc', 'otc_index'), ('16', 'otc_deal', 'otc', 'otc_deal');
COMMIT;

-- ----------------------------
--  Table structure for `django_session`
-- ----------------------------
DROP TABLE IF EXISTS `django_session`;
CREATE TABLE `django_session` (
  `session_key` varchar(40) NOT NULL,
  `session_data` longtext NOT NULL,
  `expire_date` datetime NOT NULL,
  PRIMARY KEY (`session_key`),
  KEY `django_session_b7b81f0c` (`expire_date`)
) ENGINE=MyISAM DEFAULT CHARSET=utf8;

-- ----------------------------
--  Records of `django_session`
-- ----------------------------
BEGIN;
INSERT INTO `django_session` VALUES ('phqo26grmwagdaxgwt5c8a6ua8nytcn3', 'NzE1Mjk2ODAzMmY2ZjRkZWZmNWQwNzE0MTFiNjUxNWUyZGQ3MmQxZTp7Il9hdXRoX3VzZXJfYmFja2VuZCI6ImRqYW5nby5jb250cmliLmF1dGguYmFja2VuZHMuTW9kZWxCYWNrZW5kIiwiX2F1dGhfdXNlcl9pZCI6MX0=', '2014-10-29 14:38:24');
COMMIT;

-- ----------------------------
--  Table structure for `otc_industry`
-- ----------------------------
DROP TABLE IF EXISTS `otc_industry`;
CREATE TABLE `otc_industry` (
  `id` int(11) NOT NULL AUTO_INCREMENT,
  `in_region_id` int(11) NOT NULL,
  `in_date` date NOT NULL,
  `in_num` int(11) NOT NULL,
  PRIMARY KEY (`id`),
  KEY `otc_industry_44f77fb2` (`in_region_id`)
) ENGINE=MyISAM AUTO_INCREMENT=19 DEFAULT CHARSET=utf8;

-- ----------------------------
--  Records of `otc_industry`
-- ----------------------------
BEGIN;
INSERT INTO `otc_industry` VALUES ('1', '16', '2014-07-13', '23'), ('2', '1', '2014-07-13', '178'), ('3', '2', '2014-07-13', '205'), ('4', '3', '2014-07-13', '89'), ('5', '4', '2014-07-13', '48'), ('6', '5', '2014-07-13', '28'), ('7', '6', '2014-07-13', '16'), ('8', '7', '2014-07-13', '38'), ('9', '8', '2014-07-13', '19'), ('10', '9', '2014-07-13', '0'), ('11', '10', '2014-07-13', '47'), ('12', '11', '2014-07-14', '0'), ('13', '12', '2014-07-14', '188'), ('14', '13', '2014-07-14', '67'), ('15', '14', '2014-07-14', '11'), ('16', '15', '2014-07-14', '12'), ('17', '17', '2014-07-14', '34'), ('18', '18', '2014-07-18', '753');
COMMIT;

-- ----------------------------
--  Table structure for `otc_industry_index`
-- ----------------------------
DROP TABLE IF EXISTS `otc_industry_index`;
CREATE TABLE `otc_industry_index` (
  `id` int(11) NOT NULL AUTO_INCREMENT,
  `ii_date` date NOT NULL,
  `ii_index` decimal(15,5) NOT NULL,
  `ii_company` int(11) NOT NULL,
  PRIMARY KEY (`id`)
) ENGINE=MyISAM AUTO_INCREMENT=656 DEFAULT CHARSET=utf8;

-- ----------------------------
--  Records of `otc_industry_index`
-- ----------------------------
BEGIN;
INSERT INTO `otc_industry_index` VALUES ('1', '2013-01-01', '100.00000', '651'), ('2', '2013-01-02', '100.00000', '651'), ('3', '2013-01-03', '100.00000', '651'), ('4', '2013-01-04', '100.00000', '651'), ('5', '2013-01-05', '100.00000', '651'), ('6', '2013-01-06', '100.00000', '651'), ('7', '2013-01-07', '100.00000', '651'), ('8', '2013-01-08', '100.00000', '651'), ('9', '2013-01-09', '100.00000', '651'), ('652', '2014-10-14', '346.08000', '2253'), ('10', '2013-01-10', '100.00000', '651'), ('11', '2013-01-11', '100.00000', '651'), ('12', '2013-01-12', '100.00000', '651'), ('13', '2013-01-13', '100.00000', '651'), ('14', '2013-01-14', '100.00000', '651'), ('15', '2013-01-15', '100.00000', '651'), ('16', '2013-01-16', '100.00000', '651'), ('17', '2013-01-17', '100.00000', '651'), ('18', '2013-01-18', '100.00000', '651'), ('19', '2013-01-19', '100.00000', '651'), ('20', '2013-01-20', '100.00000', '651'), ('21', '2013-01-21', '100.00000', '651'), ('22', '2013-01-22', '100.31000', '653'), ('23', '2013-01-23', '100.31000', '653'), ('24', '2013-01-24', '100.46000', '654'), ('25', '2013-01-25', '100.46000', '654'), ('26', '2013-01-26', '100.46000', '654'), ('27', '2013-01-27', '100.46000', '654'), ('28', '2013-01-28', '100.46000', '654'), ('29', '2013-01-29', '100.61000', '655'), ('30', '2013-01-30', '102.30000', '666'), ('31', '2013-01-31', '102.46000', '667'), ('32', '2013-02-01', '102.46000', '667'), ('33', '2013-02-02', '102.46000', '667'), ('34', '2013-02-03', '102.46000', '667'), ('35', '2013-02-04', '102.46000', '667'), ('36', '2013-02-05', '102.46000', '667'), ('37', '2013-02-06', '102.77000', '669'), ('38', '2013-02-07', '102.77000', '669'), ('39', '2013-02-08', '102.77000', '669'), ('40', '2013-02-09', '102.77000', '669'), ('41', '2013-02-10', '102.77000', '669'), ('42', '2013-02-11', '102.77000', '669'), ('43', '2013-02-12', '102.77000', '669'), ('44', '2013-02-13', '102.77000', '669'), ('45', '2013-02-14', '102.77000', '669'), ('46', '2013-02-15', '102.77000', '669'), ('47', '2013-02-16', '102.77000', '669'), ('48', '2013-02-17', '102.77000', '669'), ('49', '2013-02-18', '102.77000', '669'), ('50', '2013-02-19', '102.77000', '669'), ('51', '2013-02-20', '102.77000', '669'), ('52', '2013-02-21', '102.77000', '669'), ('53', '2013-02-22', '102.77000', '669'), ('54', '2013-02-23', '102.77000', '669'), ('55', '2013-02-24', '102.77000', '669'), ('56', '2013-02-25', '102.77000', '669'), ('57', '2013-02-26', '102.77000', '669'), ('58', '2013-02-27', '102.77000', '669'), ('59', '2013-02-28', '102.92000', '670'), ('60', '2013-03-01', '102.92000', '670'), ('61', '2013-03-02', '102.92000', '670'), ('62', '2013-03-03', '102.92000', '670'), ('63', '2013-03-04', '102.92000', '670'), ('64', '2013-03-05', '102.92000', '670'), ('65', '2013-03-06', '102.92000', '670'), ('66', '2013-03-07', '102.92000', '670'), ('67', '2013-03-08', '102.92000', '670'), ('68', '2013-03-09', '102.92000', '670'), ('69', '2013-03-10', '102.92000', '670'), ('70', '2013-03-11', '102.92000', '670'), ('71', '2013-03-12', '102.92000', '670'), ('72', '2013-03-13', '103.53000', '674'), ('73', '2013-03-14', '103.53000', '674'), ('74', '2013-03-15', '103.53000', '674'), ('75', '2013-03-16', '103.53000', '674'), ('76', '2013-03-17', '103.53000', '674'), ('77', '2013-03-18', '103.69000', '675'), ('78', '2013-03-19', '103.69000', '675'), ('79', '2013-03-20', '103.69000', '675'), ('80', '2013-03-21', '103.69000', '675'), ('81', '2013-03-22', '103.69000', '675'), ('82', '2013-03-23', '103.69000', '675'), ('83', '2013-03-24', '103.69000', '675'), ('84', '2013-03-25', '103.69000', '675'), ('85', '2013-03-26', '103.84000', '676'), ('86', '2013-03-27', '103.84000', '676'), ('87', '2013-03-28', '104.61000', '681'), ('88', '2013-03-29', '105.07000', '684'), ('89', '2013-03-30', '105.07000', '684'), ('90', '2013-03-31', '105.07000', '684'), ('91', '2013-04-01', '105.07000', '684'), ('92', '2013-04-02', '105.07000', '684'), ('93', '2013-04-03', '105.07000', '684'), ('94', '2013-04-04', '105.07000', '684'), ('95', '2013-04-05', '105.07000', '684'), ('96', '2013-04-06', '105.07000', '684'), ('97', '2013-04-07', '105.07000', '684'), ('98', '2013-04-08', '105.07000', '684'), ('99', '2013-04-09', '105.07000', '684'), ('100', '2013-04-10', '105.07000', '684'), ('101', '2013-04-11', '105.07000', '684'), ('102', '2013-04-12', '105.07000', '684'), ('103', '2013-04-13', '105.07000', '684'), ('104', '2013-04-14', '105.07000', '684'), ('105', '2013-04-15', '105.07000', '684'), ('106', '2013-04-16', '105.07000', '684'), ('107', '2013-04-17', '105.68000', '688'), ('108', '2013-04-18', '105.68000', '688'), ('109', '2013-04-19', '105.68000', '688'), ('110', '2013-04-20', '105.68000', '688'), ('111', '2013-04-21', '105.68000', '688'), ('112', '2013-04-22', '105.68000', '688'), ('113', '2013-04-23', '105.68000', '688'), ('114', '2013-04-24', '105.68000', '688'), ('115', '2013-04-25', '107.68000', '701'), ('116', '2013-04-26', '107.68000', '701'), ('117', '2013-04-27', '107.68000', '701'), ('118', '2013-04-28', '107.68000', '701'), ('119', '2013-04-29', '107.68000', '701'), ('120', '2013-04-30', '107.68000', '701'), ('121', '2013-05-01', '107.68000', '701'), ('122', '2013-05-02', '107.68000', '701'), ('123', '2013-05-03', '107.68000', '701'), ('124', '2013-05-04', '107.68000', '701'), ('125', '2013-05-05', '107.68000', '701'), ('126', '2013-05-06', '107.68000', '701'), ('127', '2013-05-07', '107.83000', '702'), ('128', '2013-05-08', '107.99000', '703'), ('129', '2013-05-09', '107.99000', '703'), ('130', '2013-05-10', '107.99000', '703'), ('131', '2013-05-11', '107.99000', '703'), ('132', '2013-05-12', '107.99000', '703'), ('133', '2013-05-13', '107.99000', '703'), ('134', '2013-05-14', '107.99000', '703'), ('135', '2013-05-15', '107.99000', '703'), ('136', '2013-05-16', '108.29000', '705'), ('137', '2013-05-17', '109.06000', '710'), ('138', '2013-05-18', '109.06000', '710'), ('139', '2013-05-19', '109.06000', '710'), ('140', '2013-05-20', '109.06000', '710'), ('141', '2013-05-21', '109.06000', '710'), ('142', '2013-05-22', '109.06000', '710'), ('143', '2013-05-23', '109.06000', '710'), ('144', '2013-05-24', '109.06000', '710'), ('145', '2013-05-25', '109.06000', '710'), ('146', '2013-05-26', '109.06000', '710'), ('147', '2013-05-27', '109.06000', '710'), ('148', '2013-05-28', '110.75000', '721'), ('149', '2013-05-29', '110.75000', '721'), ('150', '2013-05-30', '110.75000', '721'), ('151', '2013-05-31', '111.37000', '725'), ('152', '2013-06-01', '111.37000', '725'), ('153', '2013-06-02', '111.37000', '725'), ('154', '2013-06-03', '111.37000', '725'), ('155', '2013-06-04', '111.37000', '725'), ('156', '2013-06-05', '111.37000', '725'), ('157', '2013-06-06', '111.37000', '725'), ('158', '2013-06-07', '111.98000', '729'), ('159', '2013-06-08', '111.98000', '729'), ('160', '2013-06-09', '112.29000', '731'), ('161', '2013-06-10', '112.29000', '731'), ('162', '2013-06-11', '112.29000', '731'), ('163', '2013-06-12', '112.29000', '731'), ('164', '2013-06-13', '112.29000', '731'), ('165', '2013-06-14', '112.44000', '732'), ('166', '2013-06-15', '112.44000', '732'), ('167', '2013-06-16', '112.44000', '732'), ('168', '2013-06-17', '112.44000', '732'), ('169', '2013-06-18', '112.60000', '733'), ('170', '2013-06-19', '112.75000', '734'), ('171', '2013-06-20', '112.75000', '734'), ('172', '2013-06-21', '112.75000', '734'), ('173', '2013-06-22', '112.75000', '734'), ('174', '2013-06-23', '112.75000', '734'), ('175', '2013-06-24', '113.21000', '737'), ('176', '2013-06-25', '113.21000', '737'), ('177', '2013-06-26', '114.90000', '748'), ('178', '2013-06-27', '114.90000', '748'), ('179', '2013-06-28', '116.28000', '757'), ('180', '2013-06-29', '116.28000', '757'), ('181', '2013-06-30', '116.28000', '757'), ('182', '2013-07-01', '116.44000', '758'), ('183', '2013-07-02', '117.67000', '766'), ('184', '2013-07-03', '118.28000', '770'), ('185', '2013-07-04', '119.05000', '775'), ('186', '2013-07-05', '121.04000', '788'), ('187', '2013-07-06', '121.04000', '788'), ('188', '2013-07-07', '121.04000', '788'), ('189', '2013-07-08', '121.20000', '789'), ('190', '2013-07-09', '121.35000', '790'), ('191', '2013-07-10', '121.35000', '790'), ('192', '2013-07-11', '121.35000', '790'), ('193', '2013-07-12', '121.35000', '790'), ('194', '2013-07-13', '121.35000', '790'), ('195', '2013-07-14', '121.35000', '790'), ('196', '2013-07-15', '121.35000', '790'), ('197', '2013-07-16', '121.35000', '790'), ('198', '2013-07-17', '121.35000', '790'), ('199', '2013-07-18', '122.58000', '798'), ('200', '2013-07-19', '122.89000', '800'), ('201', '2013-07-20', '122.89000', '800'), ('202', '2013-07-21', '122.89000', '800'), ('203', '2013-07-22', '123.96000', '807'), ('204', '2013-07-23', '125.50000', '817'), ('205', '2013-07-24', '125.65000', '818'), ('206', '2013-07-25', '125.81000', '819'), ('207', '2013-07-26', '126.27000', '822'), ('208', '2013-07-27', '126.27000', '822'), ('209', '2013-07-28', '126.27000', '822'), ('210', '2013-07-29', '126.42000', '823'), ('211', '2013-07-30', '128.11000', '834'), ('212', '2013-07-31', '128.26000', '835'), ('213', '2013-08-01', '128.42000', '836'), ('214', '2013-08-02', '128.57000', '837'), ('215', '2013-08-03', '128.57000', '837'), ('216', '2013-08-04', '128.57000', '837'), ('217', '2013-08-05', '129.34000', '842'), ('218', '2013-08-06', '129.80000', '845'), ('219', '2013-08-07', '130.41000', '849'), ('220', '2013-08-08', '133.79000', '871'), ('221', '2013-08-09', '134.41000', '875'), ('222', '2013-08-10', '134.41000', '875'), ('223', '2013-08-11', '134.41000', '875'), ('224', '2013-08-12', '134.56000', '876'), ('225', '2013-08-13', '134.87000', '878'), ('226', '2013-08-14', '135.02000', '879'), ('227', '2013-08-15', '135.33000', '881'), ('228', '2013-08-16', '135.94000', '885'), ('229', '2013-08-17', '135.94000', '885'), ('230', '2013-08-18', '135.94000', '885'), ('231', '2013-08-19', '136.10000', '886'), ('232', '2013-08-20', '136.41000', '888'), ('233', '2013-08-21', '136.41000', '888'), ('234', '2013-08-22', '136.56000', '889'), ('235', '2013-08-23', '136.56000', '889'), ('236', '2013-08-24', '136.56000', '889'), ('237', '2013-08-25', '136.56000', '889'), ('238', '2013-08-26', '138.56000', '902'), ('239', '2013-08-27', '138.56000', '902'), ('240', '2013-08-28', '138.56000', '902'), ('241', '2013-08-29', '138.86000', '904'), ('242', '2013-08-30', '141.32000', '920'), ('243', '2013-08-31', '141.32000', '920'), ('244', '2013-09-01', '141.32000', '920'), ('245', '2013-09-02', '141.32000', '920'), ('246', '2013-09-03', '141.47000', '921'), ('247', '2013-09-04', '141.47000', '921'), ('248', '2013-09-05', '141.47000', '921'), ('249', '2013-09-06', '141.63000', '922'), ('250', '2013-09-07', '141.63000', '922'), ('251', '2013-09-08', '141.63000', '922'), ('252', '2013-09-09', '141.94000', '924'), ('253', '2013-09-10', '141.94000', '924'), ('254', '2013-09-11', '141.94000', '924'), ('255', '2013-09-12', '142.24000', '926'), ('256', '2013-09-13', '145.01000', '944'), ('257', '2013-09-14', '145.01000', '944'), ('258', '2013-09-15', '145.01000', '944'), ('259', '2013-09-16', '145.01000', '944'), ('260', '2013-09-17', '145.01000', '944'), ('261', '2013-09-18', '145.01000', '944'), ('262', '2013-09-19', '145.01000', '944'), ('263', '2013-09-20', '145.01000', '944'), ('264', '2013-09-21', '145.01000', '944'), ('265', '2013-09-22', '145.01000', '944'), ('266', '2013-09-23', '145.01000', '944'), ('267', '2013-09-24', '145.01000', '944'), ('268', '2013-09-25', '145.31000', '946'), ('269', '2013-09-26', '146.08000', '951'), ('270', '2013-09-27', '148.39000', '966'), ('271', '2013-09-28', '149.00000', '970'), ('272', '2013-09-29', '149.00000', '970'), ('273', '2013-09-30', '149.00000', '970'), ('274', '2013-10-01', '149.00000', '970'), ('275', '2013-10-02', '149.00000', '970'), ('276', '2013-10-03', '149.00000', '970'), ('277', '2013-10-04', '149.00000', '970'), ('278', '2013-10-05', '149.00000', '970'), ('279', '2013-10-06', '149.00000', '970'), ('280', '2013-10-07', '149.00000', '970'), ('281', '2013-10-08', '149.00000', '970'), ('282', '2013-10-09', '149.00000', '970'), ('283', '2013-10-10', '149.00000', '970'), ('284', '2013-10-11', '149.00000', '970'), ('285', '2013-10-12', '149.00000', '970'), ('286', '2013-10-13', '149.00000', '970'), ('287', '2013-10-14', '149.00000', '970'), ('288', '2013-10-15', '149.31000', '972'), ('289', '2013-10-16', '151.15000', '984'), ('290', '2013-10-17', '151.15000', '984'), ('291', '2013-10-18', '151.61000', '987'), ('292', '2013-10-19', '151.61000', '987'), ('293', '2013-10-20', '151.61000', '987'), ('294', '2013-10-21', '152.07000', '990'), ('295', '2013-10-22', '152.53000', '993'), ('296', '2013-10-23', '152.69000', '994'), ('297', '2013-10-24', '152.69000', '994'), ('298', '2013-10-25', '152.69000', '994'), ('299', '2013-10-26', '152.69000', '994'), ('300', '2013-10-27', '152.69000', '994'), ('301', '2013-10-28', '152.69000', '994'), ('302', '2013-10-29', '153.15000', '997'), ('303', '2013-10-30', '153.46000', '999'), ('304', '2013-10-31', '154.69000', '1007'), ('305', '2013-11-01', '154.99000', '1009'), ('306', '2013-11-02', '154.99000', '1009'), ('307', '2013-11-03', '154.99000', '1009'), ('308', '2013-11-04', '156.37000', '1018'), ('309', '2013-11-05', '156.53000', '1019'), ('310', '2013-11-06', '157.14000', '1023'), ('311', '2013-11-07', '157.14000', '1023'), ('312', '2013-11-08', '157.91000', '1028'), ('313', '2013-11-09', '157.91000', '1028'), ('314', '2013-11-10', '157.91000', '1028'), ('315', '2013-11-11', '158.22000', '1030'), ('316', '2013-11-12', '158.37000', '1031'), ('317', '2013-11-13', '158.83000', '1034'), ('318', '2013-11-14', '158.83000', '1034'), ('319', '2013-11-15', '159.60000', '1039'), ('320', '2013-11-16', '159.60000', '1039'), ('321', '2013-11-17', '159.60000', '1039'), ('322', '2013-11-18', '160.06000', '1042'), ('323', '2013-11-19', '160.06000', '1042'), ('324', '2013-11-20', '160.37000', '1044'), ('325', '2013-11-21', '160.52000', '1045'), ('326', '2013-11-22', '160.52000', '1045'), ('327', '2013-11-23', '160.52000', '1045'), ('328', '2013-11-24', '160.52000', '1045'), ('329', '2013-11-25', '160.52000', '1045'), ('330', '2013-11-26', '160.83000', '1047'), ('331', '2013-11-27', '160.83000', '1047'), ('332', '2013-11-28', '162.83000', '1060'), ('333', '2013-11-29', '163.29000', '1063'), ('334', '2013-11-30', '163.29000', '1063'), ('335', '2013-12-01', '163.29000', '1063'), ('336', '2013-12-02', '163.29000', '1063'), ('337', '2013-12-03', '163.29000', '1063'), ('338', '2013-12-04', '163.29000', '1063'), ('339', '2013-12-05', '163.44000', '1064'), ('340', '2013-12-06', '166.67000', '1085'), ('341', '2013-12-07', '166.67000', '1085'), ('342', '2013-12-08', '166.82000', '1086'), ('343', '2013-12-09', '169.43000', '1103'), ('344', '2013-12-10', '169.89000', '1106'), ('345', '2013-12-11', '169.89000', '1106'), ('346', '2013-12-12', '169.74000', '1105'), ('347', '2013-12-13', '170.05000', '1107'), ('348', '2013-12-14', '170.05000', '1107'), ('349', '2013-12-15', '170.05000', '1107'), ('350', '2013-12-16', '170.20000', '1108'), ('351', '2013-12-17', '170.35000', '1109'), ('352', '2013-12-18', '171.28000', '1115'), ('353', '2013-12-19', '171.43000', '1116'), ('354', '2013-12-20', '171.89000', '1119'), ('355', '2013-12-21', '171.89000', '1119'), ('356', '2013-12-22', '171.89000', '1119'), ('357', '2013-12-23', '172.20000', '1121'), ('358', '2013-12-24', '172.20000', '1121'), ('359', '2013-12-25', '172.81000', '1125'), ('360', '2013-12-26', '178.03000', '1159'), ('361', '2013-12-27', '178.34000', '1161'), ('362', '2013-12-28', '178.34000', '1161'), ('363', '2013-12-29', '178.34000', '1161'), ('364', '2013-12-30', '183.10000', '1192'), ('365', '2013-12-31', '188.63000', '1228'), ('366', '2014-01-01', '188.63000', '1228'), ('367', '2014-01-02', '188.63000', '1228'), ('368', '2014-01-03', '188.63000', '1228'), ('369', '2014-01-04', '188.63000', '1228'), ('370', '2014-01-05', '188.63000', '1228'), ('371', '2014-01-06', '188.63000', '1228'), ('372', '2014-01-07', '188.63000', '1228'), ('373', '2014-01-08', '188.63000', '1228'), ('374', '2014-01-09', '188.33000', '1226'), ('375', '2014-01-10', '188.02000', '1224'), ('376', '2014-01-11', '188.02000', '1224'), ('377', '2014-01-12', '188.02000', '1224'), ('378', '2014-01-13', '188.02000', '1224'), ('379', '2014-01-14', '188.02000', '1224'), ('380', '2014-01-15', '188.48000', '1227'), ('381', '2014-01-16', '188.79000', '1229'), ('382', '2014-01-17', '188.33000', '1226'), ('383', '2014-01-18', '188.33000', '1226'), ('384', '2014-01-19', '188.33000', '1226'), ('385', '2014-01-20', '188.79000', '1229'), ('386', '2014-01-21', '189.86000', '1236'), ('387', '2014-01-22', '190.02000', '1237'), ('388', '2014-01-23', '190.02000', '1237'), ('389', '2014-01-24', '230.88000', '1503'), ('390', '2014-01-25', '230.88000', '1503'), ('391', '2014-01-26', '230.88000', '1503'), ('392', '2014-01-27', '230.88000', '1503'), ('393', '2014-01-28', '230.72000', '1502'), ('394', '2014-01-29', '230.72000', '1502'), ('395', '2014-01-30', '230.57000', '1501'), ('396', '2014-01-31', '230.57000', '1501'), ('397', '2014-02-01', '230.57000', '1501'), ('398', '2014-02-02', '230.57000', '1501'), ('399', '2014-02-03', '230.57000', '1501'), ('400', '2014-02-04', '230.57000', '1501'), ('401', '2014-02-05', '230.57000', '1501'), ('402', '2014-02-06', '230.57000', '1501'), ('403', '2014-02-07', '230.57000', '1501'), ('404', '2014-02-08', '230.57000', '1501'), ('405', '2014-02-09', '230.57000', '1501'), ('406', '2014-02-10', '230.57000', '1501'), ('407', '2014-02-11', '230.57000', '1501'), ('408', '2014-02-12', '230.57000', '1501'), ('409', '2014-02-13', '230.57000', '1501'), ('410', '2014-02-14', '231.49000', '1507'), ('411', '2014-02-15', '231.49000', '1507'), ('412', '2014-02-16', '231.49000', '1507'), ('413', '2014-02-17', '231.80000', '1509'), ('414', '2014-02-18', '233.49000', '1520'), ('415', '2014-02-19', '233.95000', '1523'), ('416', '2014-02-20', '234.41000', '1526'), ('417', '2014-02-21', '235.02000', '1530'), ('418', '2014-02-22', '235.02000', '1530'), ('419', '2014-02-23', '235.02000', '1530'), ('420', '2014-02-24', '234.87000', '1529'), ('421', '2014-02-25', '234.87000', '1529'), ('422', '2014-02-26', '234.72000', '1528'), ('423', '2014-02-27', '234.72000', '1528'), ('424', '2014-02-28', '235.64000', '1534'), ('425', '2014-03-01', '235.64000', '1534'), ('426', '2014-03-02', '235.64000', '1534'), ('427', '2014-03-03', '235.64000', '1534'), ('428', '2014-03-04', '235.64000', '1534'), ('429', '2014-03-05', '235.94000', '1536'), ('430', '2014-03-06', '235.79000', '1535'), ('431', '2014-03-07', '236.25000', '1538'), ('432', '2014-03-08', '236.25000', '1538'), ('433', '2014-03-09', '236.25000', '1538'), ('434', '2014-03-10', '236.25000', '1538'), ('435', '2014-03-11', '236.25000', '1538'), ('436', '2014-03-12', '236.25000', '1538'), ('437', '2014-03-13', '236.56000', '1540'), ('438', '2014-03-14', '236.56000', '1540'), ('439', '2014-03-15', '236.56000', '1540'), ('440', '2014-03-16', '236.56000', '1540'), ('441', '2014-03-17', '236.25000', '1538'), ('442', '2014-03-18', '236.25000', '1538'), ('443', '2014-03-19', '236.25000', '1538'), ('444', '2014-03-20', '236.56000', '1540'), ('445', '2014-03-21', '236.56000', '1540'), ('446', '2014-03-22', '236.56000', '1540'), ('447', '2014-03-23', '236.56000', '1540'), ('448', '2014-03-24', '236.71000', '1541'), ('449', '2014-03-25', '236.71000', '1541'), ('450', '2014-03-26', '236.71000', '1541'), ('451', '2014-03-27', '238.25000', '1551'), ('452', '2014-03-28', '239.32000', '1558'), ('453', '2014-03-29', '239.32000', '1558'), ('454', '2014-03-30', '239.32000', '1558'), ('455', '2014-03-31', '239.78000', '1561'), ('456', '2014-04-01', '239.78000', '1561'), ('457', '2014-04-02', '240.25000', '1564'), ('458', '2014-04-03', '240.25000', '1564'), ('459', '2014-04-04', '240.40000', '1565'), ('460', '2014-04-05', '240.40000', '1565'), ('461', '2014-04-06', '240.40000', '1565'), ('462', '2014-04-07', '240.40000', '1565'), ('463', '2014-04-08', '240.71000', '1567'), ('464', '2014-04-09', '241.47000', '1572'), ('465', '2014-04-10', '243.16000', '1583'), ('466', '2014-04-11', '244.09000', '1589'), ('467', '2014-04-12', '244.09000', '1589'), ('468', '2014-04-13', '244.09000', '1589'), ('469', '2014-04-14', '244.09000', '1589'), ('470', '2014-04-15', '244.55000', '1592'), ('471', '2014-04-16', '244.70000', '1593'), ('472', '2014-04-17', '245.93000', '1601'), ('473', '2014-04-18', '246.39000', '1604'), ('474', '2014-04-19', '246.39000', '1604'), ('475', '2014-04-20', '246.39000', '1604'), ('476', '2014-04-21', '246.39000', '1604'), ('477', '2014-04-22', '246.85000', '1607'), ('478', '2014-04-23', '247.62000', '1612'), ('479', '2014-04-24', '249.46000', '1624'), ('480', '2014-04-25', '250.38000', '1630'), ('481', '2014-04-26', '250.38000', '1630'), ('482', '2014-04-27', '250.38000', '1630'), ('483', '2014-04-28', '250.54000', '1631'), ('484', '2014-04-29', '252.69000', '1645'), ('485', '2014-04-30', '254.84000', '1659'), ('486', '2014-05-01', '254.84000', '1659'), ('487', '2014-05-02', '254.84000', '1659'), ('488', '2014-05-03', '254.84000', '1659'), ('489', '2014-05-04', '254.84000', '1659'), ('490', '2014-05-05', '256.37000', '1669'), ('491', '2014-05-06', '258.22000', '1681'), ('492', '2014-05-07', '258.53000', '1683'), ('493', '2014-05-08', '258.37000', '1682'), ('494', '2014-05-09', '258.37000', '1682'), ('495', '2014-05-10', '258.37000', '1682'), ('496', '2014-05-11', '258.37000', '1682'), ('497', '2014-05-12', '258.37000', '1682'), ('498', '2014-05-13', '258.53000', '1683'), ('499', '2014-05-14', '258.37000', '1682'), ('500', '2014-05-15', '258.53000', '1683'), ('501', '2014-05-16', '258.99000', '1686'), ('502', '2014-05-17', '258.99000', '1686'), ('503', '2014-05-18', '258.99000', '1686'), ('504', '2014-05-19', '258.99000', '1686'), ('505', '2014-05-20', '258.83000', '1685'), ('506', '2014-05-21', '258.83000', '1685'), ('507', '2014-05-22', '258.83000', '1685'), ('508', '2014-05-23', '258.68000', '1684'), ('509', '2014-05-24', '258.68000', '1684'), ('510', '2014-05-25', '258.68000', '1684'), ('511', '2014-05-26', '258.99000', '1686'), ('512', '2014-05-27', '259.14000', '1687'), ('513', '2014-05-28', '260.83000', '1698'), ('514', '2014-05-29', '261.29000', '1701'), ('515', '2014-05-30', '264.67000', '1723'), ('516', '2014-05-31', '264.67000', '1723'), ('517', '2014-06-01', '264.67000', '1723'), ('518', '2014-06-02', '264.67000', '1723'), ('519', '2014-06-03', '264.98000', '1725'), ('520', '2014-06-04', '265.90000', '1731'), ('521', '2014-06-05', '266.21000', '1733'), ('522', '2014-06-06', '266.97000', '1738'), ('523', '2014-06-07', '266.97000', '1738'), ('524', '2014-06-08', '266.97000', '1738'), ('525', '2014-06-09', '267.59000', '1742'), ('526', '2014-06-10', '268.66000', '1749'), ('527', '2014-06-11', '268.97000', '1751'), ('528', '2014-06-12', '269.43000', '1754'), ('529', '2014-06-13', '269.74000', '1756'), ('530', '2014-06-14', '269.74000', '1756'), ('531', '2014-06-15', '269.74000', '1756'), ('532', '2014-06-16', '269.74000', '1756'), ('533', '2014-06-17', '269.74000', '1756'), ('534', '2014-06-18', '270.35000', '1760'), ('535', '2014-06-19', '270.81000', '1763'), ('536', '2014-06-20', '271.28000', '1766'), ('537', '2014-06-21', '271.28000', '1766'), ('538', '2014-06-22', '271.28000', '1766'), ('539', '2014-06-23', '272.04000', '1771'), ('540', '2014-06-24', '272.20000', '1772'), ('541', '2014-06-25', '272.50000', '1774'), ('542', '2014-06-26', '273.27000', '1779'), ('543', '2014-06-27', '275.42000', '1793'), ('544', '2014-06-28', '275.58000', '1794'), ('545', '2014-06-29', '275.58000', '1794'), ('546', '2014-06-30', '276.50000', '1800'), ('547', '2014-07-01', '276.65000', '1801'), ('548', '2014-07-02', '276.80000', '1802'), ('549', '2014-07-03', '276.96000', '1803'), ('550', '2014-07-04', '277.57000', '1807'), ('551', '2014-07-05', '277.57000', '1807'), ('552', '2014-07-06', '277.57000', '1807'), ('553', '2014-07-07', '277.73000', '1808'), ('554', '2014-07-08', '278.65000', '1814'), ('555', '2014-07-09', '279.26000', '1818'), ('556', '2014-07-10', '279.26000', '1818'), ('557', '2014-07-11', '280.18000', '1824'), ('558', '2014-07-12', '280.18000', '1824'), ('559', '2014-07-13', '280.18000', '1824'), ('560', '2014-07-14', '281.72000', '1834'), ('561', '2014-07-15', '282.49000', '1839'), ('562', '2014-07-16', '284.18000', '1850'), ('563', '2014-07-17', '284.95000', '1855'), ('564', '2014-07-18', '285.71000', '1860'), ('565', '2014-07-19', '285.71000', '1860'), ('566', '2014-07-20', '285.71000', '1860'), ('567', '2014-07-21', '286.64000', '1866'), ('568', '2014-07-22', '286.94000', '1868'), ('569', '2014-07-23', '287.40000', '1871'), ('570', '2014-07-24', '287.71000', '1873'), ('571', '2014-07-25', '288.63000', '1879'), ('572', '2014-07-26', '288.63000', '1879'), ('573', '2014-07-27', '288.63000', '1879'), ('574', '2014-07-28', '289.09000', '1882'), ('575', '2014-07-29', '289.55000', '1885'), ('576', '2014-07-30', '290.02000', '1888'), ('577', '2014-07-31', '292.78000', '1906'), ('578', '2014-08-01', '294.16000', '1915'), ('579', '2014-08-02', '294.16000', '1915'), ('580', '2014-08-03', '294.16000', '1915'), ('581', '2014-08-04', '294.78000', '1919'), ('582', '2014-08-05', '295.70000', '1925'), ('583', '2014-08-06', '296.47000', '1930'), ('584', '2014-08-07', '297.08000', '1934'), ('585', '2014-08-08', '300.92000', '1959'), ('586', '2014-08-09', '300.92000', '1959'), ('587', '2014-08-10', '300.92000', '1959'), ('588', '2014-08-11', '302.15000', '1967'), ('589', '2014-08-12', '304.30000', '1981'), ('590', '2014-08-13', '308.29000', '2007'), ('591', '2014-08-14', '310.14000', '2019'), ('592', '2014-08-15', '312.90000', '2037'), ('593', '2014-08-16', '312.90000', '2037'), ('594', '2014-08-17', '312.90000', '2037'), ('595', '2014-08-18', '314.90000', '2050'), ('596', '2014-08-19', '317.20000', '2065'), ('597', '2014-08-20', '318.43000', '2073'), ('598', '2014-08-21', '321.97000', '2096'), ('599', '2014-08-22', '324.88000', '2115'), ('600', '2014-08-23', '324.88000', '2115'), ('601', '2014-08-24', '324.88000', '2115'), ('602', '2014-08-25', '325.04000', '2116'), ('603', '2014-08-26', '325.19000', '2117'), ('604', '2014-08-27', '325.19000', '2117'), ('605', '2014-08-28', '325.35000', '2118'), ('606', '2014-08-29', '329.80000', '2147'), ('607', '2014-08-30', '329.80000', '2147'), ('608', '2014-08-31', '329.80000', '2147'), ('609', '2014-09-01', '329.95000', '2148'), ('610', '2014-09-02', '330.57000', '2152'), ('611', '2014-09-03', '330.57000', '2152'), ('612', '2014-09-04', '330.57000', '2152'), ('613', '2014-09-05', '330.41000', '2151'), ('614', '2014-09-06', '330.41000', '2151'), ('615', '2014-09-07', '330.41000', '2151'), ('616', '2014-09-08', '330.41000', '2151'), ('617', '2014-09-09', '330.88000', '2154'), ('618', '2014-09-10', '331.03000', '2155'), ('619', '2014-09-11', '331.34000', '2157'), ('620', '2014-09-12', '331.80000', '2160'), ('621', '2014-09-13', '331.80000', '2160'), ('622', '2014-09-14', '331.80000', '2160'), ('623', '2014-09-15', '332.26000', '2163'), ('624', '2014-09-16', '332.57000', '2165'), ('625', '2014-09-17', '333.18000', '2169'), ('626', '2014-09-18', '333.64000', '2172'), ('627', '2014-09-19', '335.64000', '2185'), ('628', '2014-09-20', '335.64000', '2185'), ('629', '2014-09-21', '335.64000', '2185'), ('630', '2014-09-22', '335.94000', '2187'), ('631', '2014-09-23', '336.25000', '2189'), ('632', '2014-09-24', '337.33000', '2196'), ('633', '2014-09-25', '338.25000', '2202'), ('634', '2014-09-26', '341.17000', '2221'), ('635', '2014-09-27', '341.17000', '2221'), ('636', '2014-09-28', '341.17000', '2221'), ('637', '2014-09-29', '341.32000', '2222'), ('638', '2014-09-30', '341.94000', '2226'), ('639', '2014-10-01', '341.94000', '2226'), ('640', '2014-10-02', '341.94000', '2226'), ('641', '2014-10-03', '341.94000', '2226'), ('642', '2014-10-04', '341.94000', '2226'), ('643', '2014-10-05', '341.94000', '2226'), ('644', '2014-10-06', '341.94000', '2226'), ('645', '2014-10-07', '341.94000', '2226'), ('646', '2014-10-08', '343.32000', '2235'), ('647', '2014-10-09', '344.39000', '2242'), ('648', '2014-10-10', '344.85000', '2245'), ('649', '2014-10-11', '344.85000', '2245'), ('650', '2014-10-12', '344.85000', '2245'), ('651', '2014-10-13', '345.16000', '2247'), ('655', '2014-10-16', '269.74000', '1756');
COMMIT;

-- ----------------------------
--  Table structure for `otc_otc`
-- ----------------------------
DROP TABLE IF EXISTS `otc_otc`;
CREATE TABLE `otc_otc` (
  `id` int(11) NOT NULL AUTO_INCREMENT,
  `otc_region_id` int(11) NOT NULL,
  `otc_code` varchar(20) NOT NULL,
  `otc_name` varchar(100) NOT NULL,
  `otc_amount` decimal(15,5) NOT NULL,
  `otc_per` decimal(10,5) NOT NULL,
  `otc_amount_per` decimal(15,5) NOT NULL,
  `otc_days` int(11) NOT NULL,
  `otc_date` date NOT NULL,
  `otc_tot_amount` decimal(15,5) NOT NULL,
  `otc_last_price` decimal(15,5) NOT NULL DEFAULT '0.00000',
  `otc_tot_price` decimal(15,5) NOT NULL DEFAULT '0.00000',
  PRIMARY KEY (`id`),
  KEY `otc_otc_d8f65d2d` (`otc_region_id`)
) ENGINE=MyISAM AUTO_INCREMENT=73 DEFAULT CHARSET=utf8;

-- ----------------------------
--  Records of `otc_otc`
-- ----------------------------
BEGIN;
INSERT INTO `otc_otc` VALUES ('1', '2', '100053', '通化百泉', '29640000.00000', '0.49400', '47424.00000', '625', '2013-10-09', '60000000.00000', '0.00000', '0.00000'), ('2', '2', '100028', '极元金融', '12637868.00000', '0.15770', '17577.00700', '719', '2013-10-09', '80117409.00000', '0.00000', '0.00000'), ('3', '2', '100048', '宝葫芦', '9360000.00000', '0.37440', '14976.00000', '625', '2013-10-09', '25000000.00000', '0.00000', '0.00000'), ('4', '2', '100015', '电虎科技', '7480000.00000', '0.23380', '7915.34390', '945', '2013-10-09', '32000000.00000', '0.00000', '0.00000'), ('5', '2', '100055', '翔龙国际', '6720000.00000', '0.39530', '10752.00000', '625', '2013-10-09', '17000000.00000', '0.00000', '0.00000'), ('6', '2', '100018', '中加飞机', '6265846.00000', '0.12380', '6630.52490', '945', '2013-10-09', '50610000.00000', '0.00000', '0.00000'), ('7', '2', '100009', '保罗生物', '5580000.00000', '0.01950', '5904.76190', '945', '2013-10-09', '286792850.00000', '0.00000', '0.00000'), ('8', '2', '100042', '诺臣光电', '5070340.00000', '0.33800', '8060.95390', '629', '2013-10-09', '15000000.00000', '0.00000', '0.00000'), ('9', '2', '430359', '同济医药', '4987500.00000', '0.08630', '18472.22220', '270', '2013-10-09', '57807600.00000', '0.00000', '0.00000'), ('10', '2', '100017', '太力信息', '4300000.00000', '0.12220', '4550.26460', '945', '2013-10-09', '35200000.00000', '0.00000', '0.00000'), ('11', '2', '100032', '天丰科技', '3993332.00000', '0.05700', '5538.60190', '721', '2013-10-09', '70000000.00000', '0.00000', '0.00000'), ('12', '2', '100049', '天种牧业', '3816002.00000', '0.11610', '6105.60320', '625', '2013-10-09', '32880000.00000', '0.00000', '0.00000'), ('13', '2', '430663', '大陆机电', '3631906.00000', '0.10907', '19318.64894', '188', '2013-10-09', '33300000.00000', '0.00000', '0.00000'), ('14', '2', '100037', '四方工程', '3600000.00000', '0.06550', '5642.63320', '638', '2013-10-09', '55000000.00000', '0.00000', '0.00000'), ('15', '2', '100005', '康纶纤维', '3440000.00000', '0.13230', '3640.21160', '945', '2013-10-09', '26000000.00000', '0.00000', '0.00000'), ('16', '2', '430097', '赛德丽', '2997808.00000', '0.06851', '2817.48872', '1064', '2013-10-09', '43758000.00000', '15.00000', '44967120.00000'), ('17', '2', '430073', '兆信股份', '2649880.00000', '0.09001', '1805.09537', '1468', '2013-10-09', '29440000.00000', '6.60000', '17489208.00000'), ('18', '2', '430493', '新成新材', '2607967.00000', '0.02173', '11050.70763', '236', '2013-10-09', '120000000.00000', '6.20000', '16169395.40000'), ('19', '2', '430357', '行悦信息', '2901000.00000', '0.03342', '10435.25180', '278', '2013-10-09', '86800000.00000', '3.17000', '9196170.00000'), ('20', '2', '430542', '利雅得', '2357000.00000', '0.08418', '9987.28814', '236', '2013-10-09', '28000000.00000', '5.80000', '13670600.00000'), ('21', '2', '430263', '蓝天环保', '2106000.00000', '0.02873', '4990.52133', '422', '2013-10-09', '73314300.00000', '3.36000', '7076160.00000'), ('22', '2', '100003', '康捷保', '2020000.00000', '0.10360', '2137.56610', '945', '2013-10-09', '19500000.00000', '0.00000', '0.00000'), ('23', '2', '430225', '伊禾农品', '2016000.00000', '0.01920', '4592.25513', '439', '2013-10-09', '105000000.00000', '7.00000', '14112000.00000'), ('24', '2', '100031', '宇鸿科技', '1849670.00000', '0.15410', '2430.57820', '761', '2013-10-09', '12000000.00000', '0.00000', '0.00000'), ('25', '2', '100007', '宇度医学', '1760000.00000', '0.08800', '1862.43390', '945', '2013-10-09', '20000000.00000', '0.00000', '0.00000'), ('26', '2', '430130', '卡联科技', '1787750.00000', '0.05959', '2243.09912', '797', '2013-10-09', '30000000.00000', '12.66000', '22632915.00000'), ('27', '2', '430022', '五岳鑫', '1703000.00000', '0.03461', '674.18844', '2526', '2013-10-09', '49200000.00000', '1.18000', '2009540.00000'), ('28', '2', '430081', '莱富特佰', '1687500.00000', '0.16875', '1304.09583', '1294', '2013-10-09', '10000000.00000', '2.00000', '3375000.00000'), ('29', '2', '100021', '浦软信息', '1685724.00000', '0.12970', '1783.83490', '945', '2013-10-09', '13000000.00000', '0.00000', '0.00000'), ('30', '2', '430145', '智立医学', '1672000.00000', '0.14414', '2290.41096', '730', '2013-10-09', '11600000.00000', '0.10000', '167200.00000'), ('31', '2', '831039', '国义招标', '1590000.00000', '0.01736', '54827.58621', '29', '2013-10-09', '91600000.00000', '0.00000', '0.00000'), ('32', '2', '430036', '鼎普科技', '1400000.00000', '0.02797', '651.16279', '2150', '2013-10-09', '50056500.00000', '2.00000', '2800000.00000'), ('33', '2', '100076', '建业恒安', '1360000.00000', '0.02720', '3126.43680', '435', '2013-10-09', '50000000.00000', '0.00000', '0.00000'), ('34', '2', '430132', '国铁科林', '1284000.00000', '0.08979', '1623.26169', '791', '2013-10-09', '14300000.00000', '1.50000', '1926000.00000'), ('35', '2', '100012', '吉天师', '1200000.00000', '0.20000', '1269.84130', '945', '2013-10-09', '6000000.00000', '0.00000', '0.00000'), ('36', '2', '100063', '斯歌特', '1200000.00000', '0.10000', '2409.63860', '498', '2013-10-09', '12000000.00000', '0.00000', '0.00000'), ('37', '2', '430506', '云飞扬', '1158000.00000', '0.23160', '4906.77966', '236', '2013-10-09', '5000000.00000', '5.00000', '5790000.00000'), ('38', '2', '100052', '主健医学', '1120000.00000', '0.02080', '1792.00000', '625', '2013-10-09', '53910000.00000', '0.00000', '0.00000'), ('39', '2', '830798', '中外名人', '1117000.00000', '0.01789', '11635.41667', '96', '2013-10-09', '62442857.00000', '13.00000', '14521000.00000'), ('40', '2', '430396', '亿汇达', '1080000.00000', '0.03600', '4576.27119', '236', '2013-10-09', '30000000.00000', '12.00000', '12960000.00000'), ('41', '2', '430243', '铜牛信息', '1061000.00000', '0.04823', '2416.85649', '439', '2013-10-09', '22000000.00000', '9.80000', '10397800.00000'), ('42', '2', '830859', '金旭农发', '1047000.00000', '0.00740', '18051.72414', '58', '2013-10-09', '141450000.00000', '6.00000', '6282000.00000'), ('43', '2', '430141', '久日化学', '1028000.00000', '0.01613', '1389.18919', '740', '2013-10-09', '63750000.00000', '8.61000', '8851080.00000'), ('44', '2', '430060', '永邦科技', '1022000.00000', '0.17033', '553.03030', '1848', '2013-10-09', '6000000.00000', '5.20000', '5314400.00000'), ('45', '2', '430746', '七星科技', '1019000.00000', '0.01175', '7548.14815', '135', '2013-10-09', '86750000.00000', '0.00000', '0.00000'), ('46', '2', '430254', '中卉生态', '1000000.00000', '0.05556', '2375.29691', '421', '2013-10-09', '18000000.00000', '1.50000', '1500000.00000'), ('47', '2', '430515', '麟龙股份', '1015000.00000', '0.04507', '4300.84746', '236', '2013-10-09', '22520000.00000', '22.55000', '22888250.00000'), ('48', '2', '831020', '华阳密封', '1000000.00000', '0.02404', '38461.53846', '26', '2013-10-09', '41590000.00000', '8.18000', '8180000.00000'), ('49', '2', '830818', '巨峰股份', '1011000.00000', '0.01011', '12797.46835', '79', '2013-10-09', '100000000.00000', '4.75000', '4802250.00000'), ('50', '2', '430164', '思倍驰', '978750.00000', '0.07250', '1439.33824', '680', '2013-10-09', '13500000.00000', '1.00000', '978750.00000'), ('51', '2', '430570', '蓝星科技', '961000.00000', '0.00761', '4072.03390', '236', '2013-10-09', '126300000.00000', '6.00000', '5766000.00000'), ('52', '2', '430095', '航星股份', '940000.00000', '0.03133', '835.55556', '1125', '2013-10-09', '30000000.00000', '1.44000', '1353600.00000'), ('53', '2', '100038', '金农股份', '933334.00000', '0.02450', '1481.48250', '630', '2013-10-09', '38080000.00000', '0.00000', '0.00000'), ('54', '2', '430505', '上陵牧业', '900000.00000', '0.01500', '3813.55932', '236', '2013-10-09', '60000000.00000', '8.68000', '7812000.00000'), ('55', '2', '430696', '金银花', '846000.00000', '0.13429', '5287.50000', '160', '2013-10-09', '6300000.00000', '0.00000', '0.00000'), ('56', '2', '430044', '东宝亿通', '840000.00000', '0.03000', '405.01446', '2074', '2013-10-09', '28000000.00000', '1.41000', '1184400.00000'), ('57', '2', '430040', '康斯特', '805400.00000', '0.02632', '385.17456', '2091', '2013-10-09', '30600000.00000', '0.81000', '652374.00000'), ('58', '2', '430207', '威明德', '802000.00000', '0.06683', '1277.07006', '628', '2013-10-09', '12000000.00000', '8.30000', '6656600.00000'), ('59', '2', '830879', '基康仪器', '808000.00000', '0.01488', '14428.57143', '56', '2013-10-09', '54300000.00000', '12.35000', '9978800.00000'), ('60', '2', '100066', '耘克传播', '792000.00000', '0.13200', '1859.15490', '426', '2013-10-09', '6000000.00000', '0.00000', '0.00000'), ('61', '2', '100045', '联鼎软件', '790000.00000', '0.13170', '1255.96180', '629', '2013-10-09', '6000000.00000', '0.00000', '0.00000'), ('62', '2', '100026', '贺祥机电', '760000.00000', '0.02170', '937.11470', '811', '2013-10-09', '35000000.00000', '0.00000', '0.00000'), ('63', '2', '430723', '金源科技', '750000.00000', '0.01500', '5357.14286', '140', '2013-10-09', '50000000.00000', '1.00000', '750000.00000'), ('64', '2', '430602', '腾旋科技', '714000.00000', '0.02192', '3025.42373', '236', '2013-10-09', '32576800.00000', '8.50000', '6069000.00000'), ('65', '2', '100025', '易通股份', '680000.00000', '0.04250', '838.47100', '811', '2013-10-09', '16000000.00000', '0.00000', '0.00000'), ('66', '2', '100156', '金厦股份', '640000.00000', '0.01520', '2461.53850', '260', '2013-10-09', '42126000.00000', '0.00000', '0.00000'), ('67', '2', '430099', '理想固网', '600000.00000', '0.06000', '574.71264', '1044', '2013-10-09', '10000000.00000', '6.30000', '3780000.00000'), ('68', '2', '830802', '金象传动', '538474.00000', '0.00538', '7692.48571', '70', '2013-10-09', '100000000.00000', '3.10000', '1669269.40000'), ('69', '2', '100035', '贝得美', '524760.00000', '0.02100', '778.57570', '674', '2013-10-09', '25000000.00000', '0.00000', '0.00000'), ('70', '2', '830983', '保得威尔', '504000.00000', '0.05040', '12600.00000', '40', '2013-10-09', '10000000.00000', '4.05000', '2041200.00000'), ('71', '2', '430306', '永铭医学', '500000.00000', '0.05000', '1237.62376', '404', '2013-10-09', '10000000.00000', '6.00000', '3000000.00000'), ('72', '2', '430372', '泰达新材', '500000.00000', '0.01149', '2118.64407', '236', '2013-10-09', '43500000.00000', '7.05000', '3525000.00000');
COMMIT;

-- ----------------------------
--  Table structure for `otc_otc_base`
-- ----------------------------
DROP TABLE IF EXISTS `otc_otc_base`;
CREATE TABLE `otc_otc_base` (
  `id` int(11) NOT NULL AUTO_INCREMENT,
  `base_date` date NOT NULL,
  `base_index` decimal(15,5) NOT NULL,
  `base_company_index` decimal(15,5) NOT NULL,
  `base_trans` decimal(15,5) NOT NULL,
  `base_company` int(15) NOT NULL,
  PRIMARY KEY (`id`)
) ENGINE=MyISAM AUTO_INCREMENT=2 DEFAULT CHARSET=utf8;

-- ----------------------------
--  Records of `otc_otc_base`
-- ----------------------------
BEGIN;
INSERT INTO `otc_otc_base` VALUES ('1', '2014-10-16', '299.79000', '269.74000', '3122.95082', '1756');
COMMIT;

-- ----------------------------
--  Table structure for `otc_otc_deal`
-- ----------------------------
DROP TABLE IF EXISTS `otc_otc_deal`;
CREATE TABLE `otc_otc_deal` (
  `id` int(11) NOT NULL AUTO_INCREMENT,
  `od_OTC_id` int(11) NOT NULL,
  `od_date` date NOT NULL,
  `od_volume` decimal(15,5) NOT NULL,
  `od_price` decimal(15,5) NOT NULL,
  PRIMARY KEY (`id`),
  KEY `otc_otc_deal_9994d953` (`od_OTC_id`)
) ENGINE=MyISAM AUTO_INCREMENT=145 DEFAULT CHARSET=utf8;

-- ----------------------------
--  Records of `otc_otc_deal`
-- ----------------------------
BEGIN;
INSERT INTO `otc_otc_deal` VALUES ('102', '13', '2014-10-16', '0.00000', '0.00000'), ('103', '16', '2014-10-16', '0.00000', '15.00000'), ('104', '17', '2014-10-16', '0.00000', '6.60000'), ('105', '18', '2014-10-16', '0.00000', '6.20000'), ('106', '19', '2014-10-16', '330000.00000', '3.17000'), ('107', '20', '2014-10-16', '0.00000', '5.80000'), ('108', '21', '2014-10-16', '6000.00000', '3.36000'), ('109', '23', '2014-10-16', '16000.00000', '7.00000'), ('110', '26', '2014-10-16', '42000.00000', '12.66000'), ('111', '27', '2014-10-16', '0.00000', '1.18000'), ('112', '28', '2014-10-16', '0.00000', '2.00000'), ('113', '30', '2014-10-16', '0.00000', '0.10000'), ('114', '31', '2014-10-16', '0.00000', '0.00000'), ('115', '32', '2014-10-16', '0.00000', '2.00000'), ('116', '34', '2014-10-16', '0.00000', '1.50000'), ('117', '37', '2014-10-16', '0.00000', '5.00000'), ('118', '39', '2014-10-16', '0.00000', '13.00000'), ('119', '40', '2014-10-16', '0.00000', '12.00000'), ('120', '41', '2014-10-16', '11000.00000', '9.80000'), ('121', '42', '2014-10-16', '0.00000', '6.00000'), ('122', '43', '2014-10-16', '0.00000', '8.61000'), ('123', '44', '2014-10-16', '0.00000', '5.20000'), ('124', '45', '2014-10-16', '0.00000', '0.00000'), ('125', '46', '2014-10-16', '0.00000', '1.50000'), ('126', '47', '2014-10-16', '15000.00000', '22.55000'), ('127', '48', '2014-10-16', '0.00000', '8.18000'), ('128', '49', '2014-10-16', '11000.00000', '4.75000'), ('129', '50', '2014-10-16', '0.00000', '1.00000'), ('130', '51', '2014-10-16', '0.00000', '6.00000'), ('131', '52', '2014-10-16', '0.00000', '1.44000'), ('132', '54', '2014-10-16', '0.00000', '8.68000'), ('133', '55', '2014-10-16', '0.00000', '0.00000'), ('134', '56', '2014-10-16', '0.00000', '1.41000'), ('135', '57', '2014-10-16', '0.00000', '0.81000'), ('136', '58', '2014-10-16', '0.00000', '8.30000'), ('137', '59', '2014-10-16', '7000.00000', '12.35000'), ('138', '63', '2014-10-16', '0.00000', '1.00000'), ('139', '64', '2014-10-16', '0.00000', '8.50000'), ('140', '67', '2014-10-16', '0.00000', '6.30000'), ('141', '68', '2014-10-16', '0.00000', '3.10000'), ('142', '70', '2014-10-16', '4000.00000', '4.05000'), ('143', '71', '2014-10-16', '0.00000', '6.00000'), ('144', '72', '2014-10-16', '0.00000', '7.05000');
COMMIT;

-- ----------------------------
--  Table structure for `otc_otc_hot`
-- ----------------------------
DROP TABLE IF EXISTS `otc_otc_hot`;
CREATE TABLE `otc_otc_hot` (
  `id` int(11) NOT NULL AUTO_INCREMENT,
  `hot_sort` int(11) NOT NULL,
  `hot_company` varchar(30) NOT NULL,
  `hot_trans` decimal(15,5) NOT NULL,
  `hot_sum_trans` decimal(15,5) NOT NULL,
  PRIMARY KEY (`id`)
) ENGINE=MyISAM AUTO_INCREMENT=11 DEFAULT CHARSET=utf8;

-- ----------------------------
--  Records of `otc_otc_hot`
-- ----------------------------
BEGIN;
INSERT INTO `otc_otc_hot` VALUES ('1', '1', '上海安防', '3.50000', '30000.00000'), ('2', '2', '康捷宝', '6.71000', '2020000.00000'), ('3', '3', '康纶纤维', '7.15000', '3440000.00000'), ('4', '4', '宇度医学', '6.60000', '1420000.00000'), ('5', '5', '福升威尔', '7.60000', '100000.00000'), ('6', '6', '保罗生物', '7.72000', '5580000.00000'), ('7', '7', '钢软股份', '13.60000', '60000.00000'), ('8', '8', '吉天师', '6.73000', '1200000.00000'), ('9', '9', '悠游堂', '8.50000', '20000.00000'), ('10', '10', '电虎科技', '5.00000', '7480000.00000');
COMMIT;

-- ----------------------------
--  Table structure for `otc_otc_index`
-- ----------------------------
DROP TABLE IF EXISTS `otc_otc_index`;
CREATE TABLE `otc_otc_index` (
  `id` int(11) NOT NULL AUTO_INCREMENT,
  `oi_date` date NOT NULL,
  `oi_index` decimal(15,5) NOT NULL,
  `oi_amount` decimal(15,5) NOT NULL,
  PRIMARY KEY (`id`)
) ENGINE=MyISAM AUTO_INCREMENT=289 DEFAULT CHARSET=utf8;

-- ----------------------------
--  Records of `otc_otc_index`
-- ----------------------------
BEGIN;
INSERT INTO `otc_otc_index` VALUES ('1', '2014-01-01', '100.00000', '1041.70650'), ('2', '2014-01-02', '99.70000', '1038.62650'), ('3', '2014-01-03', '99.61000', '1037.67240'), ('4', '2014-01-04', '99.61000', '1037.67240'), ('5', '2014-01-05', '99.61000', '1037.67240'), ('6', '2014-01-06', '99.88000', '1040.49800'), ('7', '2014-01-07', '100.94000', '1051.46290'), ('8', '2014-01-08', '101.48000', '1057.11600'), ('9', '2014-01-09', '102.37000', '1066.40020'), ('10', '2014-01-10', '102.36000', '1066.33680'), ('11', '2014-01-11', '102.36000', '1066.33680'), ('12', '2014-01-12', '102.36000', '1066.33680'), ('13', '2014-01-13', '106.68000', '1111.31330'), ('14', '2014-01-14', '106.98000', '1114.43560'), ('15', '2014-01-15', '107.12000', '1115.87200'), ('16', '2014-01-16', '107.79000', '1122.83110'), ('17', '2014-01-17', '106.42000', '1108.53920'), ('18', '2014-01-18', '106.42000', '1108.53920'), ('19', '2014-01-19', '106.42000', '1108.53920'), ('20', '2014-01-20', '106.61000', '1110.55940'), ('21', '2014-01-21', '106.95000', '1114.09590'), ('22', '2014-01-22', '106.24000', '1106.73410'), ('23', '2014-01-23', '107.39000', '1118.66510'), ('24', '2014-01-24', '134.46000', '1400.65680'), ('25', '2014-01-25', '134.46000', '1400.65680'), ('26', '2014-01-26', '134.46000', '1400.65680'), ('27', '2014-01-27', '141.10000', '1469.83730'), ('28', '2014-01-28', '141.95000', '1478.69300'), ('29', '2014-01-29', '143.36000', '1493.36220'), ('30', '2014-01-30', '143.44000', '1494.18940'), ('31', '2014-01-31', '143.44000', '1494.18940'), ('32', '2014-02-01', '143.44000', '1494.18940'), ('33', '2014-02-02', '143.44000', '1494.18940'), ('34', '2014-02-03', '143.44000', '1494.18940'), ('35', '2014-02-04', '143.44000', '1494.18940'), ('36', '2014-02-05', '143.44000', '1494.18940'), ('37', '2014-02-06', '143.44000', '1494.18940'), ('38', '2014-02-07', '143.14000', '1491.05650'), ('39', '2014-02-08', '143.14000', '1491.05650'), ('40', '2014-02-09', '143.14000', '1491.05650'), ('41', '2014-02-10', '144.99000', '1510.41800'), ('42', '2014-02-11', '144.36000', '1503.77330'), ('43', '2014-02-12', '144.31000', '1503.30110'), ('44', '2014-02-13', '144.42000', '1504.39520'), ('45', '2014-02-14', '145.76000', '1518.37010'), ('46', '2014-02-15', '145.76000', '1518.37010'), ('47', '2014-02-16', '145.76000', '1518.37010'), ('48', '2014-02-17', '147.28000', '1534.21640'), ('49', '2014-02-18', '146.78000', '1529.02510'), ('50', '2014-02-19', '148.42000', '1546.13830'), ('51', '2014-02-20', '147.46000', '1536.11480'), ('52', '2014-02-21', '146.77000', '1528.93650'), ('53', '2014-02-22', '146.77000', '1528.93650'), ('54', '2014-02-23', '146.77000', '1528.93650'), ('55', '2014-02-24', '147.28000', '1534.18830'), ('56', '2014-02-25', '147.31000', '1534.53400'), ('57', '2014-02-26', '147.55000', '1537.07770'), ('58', '2014-02-27', '147.91000', '1540.79940'), ('59', '2014-02-28', '148.09000', '1542.68270'), ('60', '2014-03-01', '148.09000', '1542.68270'), ('61', '2014-03-02', '148.09000', '1542.68270'), ('62', '2014-03-03', '147.80000', '1539.59720'), ('63', '2014-03-04', '147.67000', '1538.24410'), ('64', '2014-03-05', '147.74000', '1539.06350'), ('65', '2014-03-06', '148.66000', '1548.56630'), ('66', '2014-03-07', '149.81000', '1560.59160'), ('67', '2014-03-08', '149.81000', '1560.59160'), ('68', '2014-03-09', '149.81000', '1560.59160'), ('69', '2014-03-10', '148.02000', '1541.90260'), ('70', '2014-03-11', '148.27000', '1544.55300'), ('71', '2014-03-12', '148.30000', '1544.85640'), ('72', '2014-03-13', '149.35000', '1555.74870'), ('73', '2014-03-14', '149.70000', '1559.38930'), ('74', '2014-03-15', '149.70000', '1559.38930'), ('75', '2014-03-16', '149.70000', '1559.38930'), ('76', '2014-03-17', '153.40000', '1597.93420'), ('77', '2014-03-18', '155.59000', '1620.79070'), ('78', '2014-03-19', '153.60000', '1600.06600'), ('79', '2014-03-20', '154.77000', '1612.29010'), ('80', '2014-03-21', '159.13000', '1657.69970'), ('81', '2014-03-22', '159.13000', '1657.69970'), ('82', '2014-03-23', '159.13000', '1657.69970'), ('83', '2014-03-24', '158.03000', '1646.18700'), ('84', '2014-03-25', '158.46000', '1650.65210'), ('85', '2014-03-26', '160.69000', '1673.93220'), ('86', '2014-03-27', '160.12000', '1667.95870'), ('87', '2014-03-28', '162.09000', '1688.44950'), ('88', '2014-03-29', '162.09000', '1688.44950'), ('89', '2014-03-30', '162.09000', '1688.44950'), ('90', '2014-03-31', '160.23000', '1669.14090'), ('91', '2014-04-01', '160.47000', '1671.59180'), ('92', '2014-04-02', '162.19000', '1689.49370'), ('93', '2014-04-03', '162.02000', '1687.80650'), ('94', '2014-04-04', '165.76000', '1726.76680'), ('95', '2014-04-05', '165.76000', '1726.76680'), ('96', '2014-04-06', '165.76000', '1726.76680'), ('97', '2014-04-07', '165.76000', '1726.76680'), ('98', '2014-04-08', '163.46000', '1702.80260'), ('99', '2014-04-09', '163.48000', '1702.95650'), ('100', '2014-04-10', '162.75000', '1695.37520'), ('101', '2014-04-11', '163.41000', '1702.20230'), ('102', '2014-04-12', '163.41000', '1702.20230'), ('103', '2014-04-13', '163.41000', '1702.20230'), ('104', '2014-04-14', '171.55000', '1787.08510'), ('105', '2014-04-15', '170.32000', '1774.27360'), ('106', '2014-04-16', '168.31000', '1753.30720'), ('107', '2014-04-17', '168.21000', '1752.28860'), ('108', '2014-04-18', '171.83000', '1789.95720'), ('109', '2014-04-19', '171.83000', '1789.95720'), ('110', '2014-04-20', '171.83000', '1789.95720'), ('111', '2014-04-21', '171.31000', '1784.55150'), ('112', '2014-04-22', '171.78000', '1789.49010'), ('113', '2014-04-23', '172.13000', '1793.13860'), ('114', '2014-04-24', '173.23000', '1804.53730'), ('115', '2014-04-25', '173.86000', '1811.08970'), ('116', '2014-04-26', '173.86000', '1811.08970'), ('117', '2014-04-27', '173.86000', '1811.08970'), ('118', '2014-04-28', '175.30000', '1826.13660'), ('119', '2014-04-29', '186.48000', '1942.58930'), ('120', '2014-04-30', '186.68000', '1944.69670'), ('121', '2014-05-01', '186.68000', '1944.69670'), ('122', '2014-05-02', '186.68000', '1944.69670'), ('123', '2014-05-03', '186.68000', '1944.69670'), ('124', '2014-05-04', '186.68000', '1944.69670'), ('125', '2014-05-05', '185.96000', '1937.12280'), ('126', '2014-05-06', '185.88000', '1936.31260'), ('127', '2014-05-07', '181.37000', '1889.33720'), ('128', '2014-05-08', '188.66000', '1965.31730'), ('129', '2014-05-09', '189.31000', '1972.03520'), ('130', '2014-05-10', '189.31000', '1972.03520'), ('131', '2014-05-11', '189.31000', '1972.03520'), ('132', '2014-05-12', '189.20000', '1970.87100'), ('133', '2014-05-13', '190.30000', '1982.40700'), ('134', '2014-05-14', '190.34000', '1982.75190'), ('135', '2014-05-15', '190.36000', '1983.03200'), ('136', '2014-05-16', '190.47000', '1984.11720'), ('137', '2014-05-17', '190.47000', '1984.11720'), ('138', '2014-05-18', '190.47000', '1984.11720'), ('139', '2014-05-19', '199.49000', '2078.14210'), ('140', '2014-05-20', '200.06000', '2084.01400'), ('141', '2014-05-21', '199.97000', '2083.13070'), ('142', '2014-05-22', '198.75000', '2070.36460'), ('143', '2014-05-23', '199.56000', '2078.84930'), ('144', '2014-05-24', '199.56000', '2078.84930'), ('145', '2014-05-25', '199.56000', '2078.84930'), ('146', '2014-05-26', '199.61000', '2079.39460'), ('147', '2014-05-27', '198.28000', '2065.46290'), ('148', '2014-05-28', '203.11000', '2115.82210'), ('149', '2014-05-29', '203.82000', '2123.21030'), ('150', '2014-05-30', '201.96000', '2103.83070'), ('151', '2014-05-31', '201.96000', '2103.83070'), ('152', '2014-06-01', '201.96000', '2103.83070'), ('153', '2014-06-02', '201.96000', '2103.83070'), ('154', '2014-06-03', '200.40000', '2087.61740'), ('155', '2014-06-04', '203.09000', '2115.62420'), ('156', '2014-06-05', '200.34000', '2086.98820'), ('157', '2014-06-06', '206.98000', '2156.12260'), ('158', '2014-06-07', '206.98000', '2156.12260'), ('159', '2014-06-08', '206.98000', '2156.12260'), ('160', '2014-06-09', '207.66000', '2163.17490'), ('161', '2014-06-10', '207.33000', '2159.73260'), ('162', '2014-06-11', '206.08000', '2146.72670'), ('163', '2014-06-12', '206.22000', '2148.20570'), ('164', '2014-06-13', '209.98000', '2187.34770'), ('165', '2014-06-14', '209.98000', '2187.34770'), ('166', '2014-06-15', '209.98000', '2187.34770'), ('167', '2014-06-16', '210.01000', '2187.65400'), ('168', '2014-06-17', '207.61000', '2162.67130'), ('169', '2014-06-18', '205.59000', '2141.68620'), ('170', '2014-06-19', '205.43000', '2139.99540'), ('171', '2014-06-20', '205.97000', '2145.56740'), ('172', '2014-06-21', '205.97000', '2145.56740'), ('173', '2014-06-22', '205.97000', '2145.56740'), ('174', '2014-06-23', '205.62000', '2141.98960'), ('175', '2014-06-24', '206.05000', '2146.39160'), ('176', '2014-06-25', '206.00000', '2145.89390'), ('177', '2014-06-26', '206.59000', '2152.05120'), ('178', '2014-06-27', '206.59000', '2152.02950'), ('179', '2014-06-28', '206.59000', '2152.02950'), ('180', '2014-06-29', '206.59000', '2152.02950'), ('181', '2014-06-30', '211.62000', '2204.48800'), ('182', '2014-07-01', '212.85000', '2217.26890'), ('183', '2014-07-02', '212.16000', '2210.10640'), ('184', '2014-07-03', '212.37000', '2212.29510'), ('185', '2014-07-04', '211.31000', '2201.26760'), ('186', '2014-07-05', '211.31000', '2201.26760'), ('187', '2014-07-06', '211.31000', '2201.26760'), ('188', '2014-07-07', '214.71000', '2236.59980'), ('189', '2014-07-08', '215.08000', '2240.54580'), ('190', '2014-07-09', '215.62000', '2246.08690'), ('191', '2014-07-10', '216.88000', '2259.23990'), ('192', '2014-07-11', '215.98000', '2249.89830'), ('193', '2014-07-12', '215.98000', '2249.89830'), ('194', '2014-07-13', '215.98000', '2249.89830'), ('195', '2014-07-14', '217.70000', '2267.79840'), ('196', '2014-07-15', '219.58000', '2287.39790'), ('197', '2014-07-16', '221.73000', '2309.73590'), ('198', '2014-07-17', '220.77000', '2299.78820'), ('199', '2014-07-18', '221.34000', '2305.76160'), ('200', '2014-07-19', '221.34000', '2305.76160'), ('201', '2014-07-20', '221.34000', '2305.76160'), ('202', '2014-07-21', '222.65000', '2319.35090'), ('203', '2014-07-22', '222.73000', '2320.20830'), ('204', '2014-07-23', '223.18000', '2324.85890'), ('205', '2014-07-24', '223.18000', '2324.89510'), ('206', '2014-07-25', '228.28000', '2377.96370'), ('207', '2014-07-26', '228.28000', '2377.96370'), ('208', '2014-07-27', '228.28000', '2377.96370'), ('209', '2014-07-28', '232.52000', '2422.14070'), ('210', '2014-07-29', '232.97000', '2426.86520'), ('211', '2014-07-30', '234.16000', '2439.24310'), ('212', '2014-07-31', '234.32000', '2440.94340'), ('213', '2014-08-01', '236.14000', '2459.89840'), ('214', '2014-08-02', '236.14000', '2459.89840'), ('215', '2014-08-03', '236.14000', '2459.89840'), ('216', '2014-08-04', '236.44000', '2463.03010'), ('217', '2014-08-05', '235.48000', '2452.98250'), ('218', '2014-08-06', '233.63000', '2433.70950'), ('219', '2014-08-07', '237.60000', '2475.14430'), ('220', '2014-08-08', '234.93000', '2447.26220'), ('221', '2014-08-09', '234.93000', '2447.26220'), ('222', '2014-08-10', '234.93000', '2447.26220'), ('223', '2014-08-11', '241.32000', '2513.82090'), ('224', '2014-08-12', '237.63000', '2475.41120'), ('225', '2014-08-13', '244.52000', '2547.14530'), ('226', '2014-08-14', '242.53000', '2526.49380'), ('227', '2014-08-15', '242.02000', '2521.11670'), ('228', '2014-08-16', '242.02000', '2521.11670'), ('229', '2014-08-17', '242.02000', '2521.11670'), ('230', '2014-08-18', '246.95000', '2572.47580'), ('231', '2014-08-19', '246.97000', '2572.75390'), ('232', '2014-08-20', '247.06000', '2573.60280'), ('233', '2014-08-21', '246.07000', '2563.29070'), ('234', '2014-08-22', '246.99000', '2572.87880'), ('235', '2014-08-23', '246.99000', '2572.87880'), ('236', '2014-08-24', '246.99000', '2572.87880'), ('237', '2014-08-25', '252.05000', '2625.58900'), ('238', '2014-08-26', '252.05000', '2625.66840'), ('239', '2014-08-27', '253.70000', '2642.80860'), ('240', '2014-08-28', '255.44000', '2660.94460'), ('241', '2014-08-29', '257.50000', '2682.40370'), ('242', '2014-08-30', '257.50000', '2682.40370'), ('243', '2014-08-31', '257.50000', '2682.40370'), ('244', '2014-09-01', '257.10000', '2678.23140'), ('245', '2014-09-02', '260.76000', '2716.38840'), ('246', '2014-09-03', '257.28000', '2680.10250'), ('247', '2014-09-04', '260.20000', '2710.53810'), ('248', '2014-09-05', '260.68000', '2715.53870'), ('249', '2014-09-06', '260.68000', '2715.53870'), ('250', '2014-09-07', '260.68000', '2715.53870'), ('251', '2014-09-08', '260.68000', '2715.53870'), ('252', '2014-09-09', '259.13000', '2699.38020'), ('253', '2014-09-10', '257.91000', '2686.63790'), ('254', '2014-09-11', '256.72000', '2674.26110'), ('255', '2014-09-12', '256.46000', '2671.56350'), ('256', '2014-09-13', '256.46000', '2671.56350'), ('257', '2014-09-14', '256.46000', '2671.56350'), ('258', '2014-09-15', '255.22000', '2658.64300'), ('259', '2014-09-16', '255.96000', '2666.38460'), ('260', '2014-09-17', '260.60000', '2714.71160'), ('261', '2014-09-18', '261.81000', '2727.31840'), ('262', '2014-09-19', '260.70000', '2715.76130'), ('263', '2014-09-20', '260.70000', '2715.76130'), ('264', '2014-09-21', '260.70000', '2715.76130'), ('265', '2014-09-22', '265.31000', '2763.71220'), ('266', '2014-09-23', '268.88000', '2800.89630'), ('267', '2014-09-24', '262.18000', '2731.11000'), ('268', '2014-09-25', '268.84000', '2800.52480'), ('269', '2014-09-26', '268.23000', '2794.16820'), ('270', '2014-09-27', '268.23000', '2794.16820'), ('271', '2014-09-28', '268.23000', '2794.16820'), ('272', '2014-09-29', '269.22000', '2804.48620'), ('273', '2014-09-30', '266.21000', '2773.15730'), ('274', '2014-10-01', '266.21000', '2773.15730'), ('275', '2014-10-02', '266.21000', '2773.15730'), ('276', '2014-10-03', '266.21000', '2773.15730'), ('277', '2014-10-04', '266.21000', '2773.15730'), ('278', '2014-10-05', '266.21000', '2773.15730'), ('279', '2014-10-06', '266.21000', '2773.15730'), ('280', '2014-10-07', '266.21000', '2773.15730'), ('281', '2014-10-08', '265.71000', '2767.88740'), ('282', '2014-10-09', '269.12000', '2803.47670'), ('283', '2014-10-10', '266.40000', '2775.07260'), ('284', '2014-10-11', '266.40000', '2775.07260'), ('285', '2014-10-12', '266.40000', '2775.07260'), ('286', '2014-10-13', '267.06000', '2782.02620'), ('287', '2014-10-14', '270.32000', '2815.93100'), ('288', '2014-10-16', '299.79000', '3122.95082');
COMMIT;

-- ----------------------------
--  Table structure for `otc_otc_new`
-- ----------------------------
DROP TABLE IF EXISTS `otc_otc_new`;
CREATE TABLE `otc_otc_new` (
  `id` int(11) NOT NULL AUTO_INCREMENT,
  `new_region_id` int(11) NOT NULL,
  `new_code` varchar(30) NOT NULL,
  `new_title` varchar(100) NOT NULL,
  `new_url` varchar(300) NOT NULL,
  `new_date` date NOT NULL,
  PRIMARY KEY (`id`),
  KEY `otc_otc_new_a9c70aa9` (`new_region_id`)
) ENGINE=MyISAM AUTO_INCREMENT=421 DEFAULT CHARSET=utf8;

-- ----------------------------
--  Records of `otc_otc_new`
-- ----------------------------
BEGIN;
INSERT INTO `otc_otc_new` VALUES ('1', '2', '100056_QL_EE', '火凤凰：公开转让说明书', 'http://file.chinascopefinancial.com/finrpts/file/2013Q4/2013Q4_QLEE_QL100056_FULL.pdf', '2014-07-12'), ('2', '2', '100056_QL_EE', ' 铂恩塞尔：审计报告', 'http://www.china-see.com/setc_admin/upload/myupload_5366.pdf', '2014-07-11'), ('3', '18', '100056_QL_EE', '康莱宝：全国中小企业股份转让系统有限责任公司关于', 'http://bjzr.gfzr.com.cn/fina/2014-07-11/64215446.PDF', '2014-07-11'), ('4', '18', '100056_QL_EE', '智信股份：全国中小企业股份转让系统有限责任公司', 'http://bjzr.gfzr.com.cn/fina/2014-07-11/64215449.PDF', '2014-07-11'), ('5', '18', '100056_QL_EE', '火凤凰：全国中小企业股份转让系统有限责任公司关于', 'http://bjzr.gfzr.com.cn/fina/2014-07-11/64215466.PDF', '2014-07-11'), ('6', '18', '100056_QL_EE', '关于全国中小企业股份转让系统网站调整的通知 ', 'http://bjzr.gfzr.com.cn/fina/2014-07-14/64209618.PDF', '2014-07-14'), ('7', '18', '100056_QL_EE', '优炫软件：变更持续督导主办券商公告 ', 'http://bjzr.gfzr.com.cn/fina/2014-07-14/64220037.PDF', '2014-07-13'), ('8', '18', '100056_QL_EE', '爱科凯能：2014年第二次临时股东大会决议公告 ', 'http://bjzr.gfzr.com.cn/fina/2014-07-14/64220086.PDF', '2014-07-14'), ('9', '18', '100056_QL_EE', '万人调查：对外投资的公告 ', 'http://bjzr.gfzr.com.cn/fina/2014-07-14/64220337.PDF', '2014-07-14'), ('10', '2', '100179', ' 惠云塑木：定向增资股份认购办法 ', 'http://bjzr.gfzr.com.cn/fina/2014-07-14/64220337.PDF', '2014-07-14'), ('11', '2', '100126', ' 鸿泰种业：2014年第一次临时股东大会决议公告', 'http://bjzr.gfzr.com.cn/fina/2014-07-14/64220337.PDF', '2014-07-14'), ('12', '2', '100126', ' 鸿泰种业：2014第一次临时股东大会的法律意见', 'http://bjzr.gfzr.com.cn/fina/2014-07-14/64220337.PDF', '2014-07-14'), ('13', '2', '100205 ', ' 志成农业：第一届监事会第四次会议决议公告', 'http://bjzr.gfzr.com.cn/fina/2014-07-14/64220337.PDF', '2014-07-14'), ('14', '2', '100053', ' 通化百泉：关于公司董事康岩增持公司股份限售的公告', 'http://bjzr.gfzr.com.cn/fina/2014-07-14/64220337.PDF', '2014-07-14'), ('15', '2', '100065', ' 盛泉养老：第一届董事会第九次会议决议公告 ', 'http://bjzr.gfzr.com.cn/fina/2014-07-14/64220337.PDF', '2014-07-14'), ('16', '2', '100030', ' 康岱生物：关于延期召开2013年年度股东大会的公告', 'http://bjzr.gfzr.com.cn/fina/2014-07-14/64220337.PDF', '2014-07-14'), ('17', '2', '100009 ', '保罗生物：重大事项暂停股份转让进展公告 ', 'http://bjzr.gfzr.com.cn/fina/2014-07-14/64220337.PDF', '2014-07-14'), ('18', '2', '100139 ', '光世农业：2014年第三次临时股东大会决议公告 ', 'http://bjzr.gfzr.com.cn/fina/2014-07-14/64220337.PDF', '2014-07-14'), ('19', '2', '100025 ', '易通股份：股份解除转让限制公告 ', 'http://bjzr.gfzr.com.cn/fina/2014-07-14/64220337.PDF', '2014-07-14'), ('20', '2', '100109 ', '佰康股份：定向增资方案 ', 'http://bjzr.gfzr.com.cn/fina/2014-07-14/64220337.PDF', '2014-07-14'), ('21', '2', '100095 ', '金匙环保：2013年年度股东大会决议公告 ', 'http://bjzr.gfzr.com.cn/fina/2014-07-14/64220337.PDF', '2014-07-14'), ('22', '3', '10689', '关于授予上海上会会计师事务所有限公司等25家机构专业服务商会员资格的通告', 'http://bjzr.gfzr.com.cn/fina/2014-07-14/64220337.PDF', '2014-07-14'), ('23', '3', '10688', '关于授予中信证券股份有限公司等66家机构推荐商会员资格的通告', 'http://bjzr.gfzr.com.cn/fina/2014-07-14/64220337.PDF', '2014-07-14'), ('24', '3', '10677', '关于授予中国工商银行股份有限公司浙江省分行等14家机构战略会员资格的通告', 'http://bjzr.gfzr.com.cn/fina/2014-07-14/64220337.PDF', '2014-07-14'), ('25', '3', '10778', '关于授予中国民生银行股份有限公司杭州分行战略会员资格的通告', 'http://bjzr.gfzr.com.cn/fina/2014-07-14/64220337.PDF', '2014-07-14'), ('26', '3', '10233', '关于授予杭州钱王会计师事务所等 11家机构专业服务商会员资格的通告', 'http://bjzr.gfzr.com.cn/fina/2014-07-14/64220337.PDF', '2014-07-14'), ('27', '3', '10456', '关于授予杭州鲲鹏投资管理有限公司等2家机构推荐商会员资格的通告', 'http://bjzr.gfzr.com.cn/fina/2014-07-14/64220337.PDF', '2014-07-14'), ('28', '3', '10888', '关于授予国富浩华会计师事务所等14家机构专业服务商会员资格的通告', 'http://bjzr.gfzr.com.cn/fina/2014-07-14/64220337.PDF', '2014-07-14'), ('29', '18', '831127', '[定期报告]祺龙股份：更正公告', 'http://bjzr.gfzr.com.cn/fina/2014-10-14/64470204.PDF', '2014-10-14'), ('30', '18', '831127', '[定期报告]祺龙股份：2014年半年度报告（更新后）', 'http://bjzr.gfzr.com.cn/fina/2014-10-14/64470205.PDF', '2014-10-14'), ('31', '18', '430434', '[临时公告]万泉河：股票解除限售公告', 'http://bjzr.gfzr.com.cn/fina/2014-10-14/64470556.PDF', '2014-10-14'), ('32', '18', '430209', '[临时公告]康孚科技：第一届董事会第十二次会议决议公告', 'http://bjzr.gfzr.com.cn/fina/2014-10-14/64470555.PDF', '2014-10-14'), ('33', '18', '430534', '[临时公告]天涌科技：股票发行认购公告', 'http://bjzr.gfzr.com.cn/fina/2014-10-14/64470411.PDF', '2014-10-14'), ('34', '18', '831126', '[临时公告]元鼎科技：2014年第四次临时股东大会决议公告', 'http://bjzr.gfzr.com.cn/fina/2014-10-14/64470410.PDF', '2014-10-14'), ('35', '18', '430140', '[临时公告]新眼光：定向发行情况报告书', 'http://bjzr.gfzr.com.cn/fina/2014-10-14/64470609.PDF', '2014-10-14'), ('36', '18', '430140', '[临时公告]新眼光：北京大成（上海）律师事务所关于公司定向发行股份的法律意见书', 'http://bjzr.gfzr.com.cn/fina/2014-10-14/64470408.PDF', '2014-10-14'), ('37', '18', '430140', '[临时公告]新眼光：关于公司定向发行股票将在全国股份转让系统挂牌公开转让的公告', 'http://bjzr.gfzr.com.cn/fina/2014-10-14/64470409.PDF', '2014-10-14'), ('38', '18', '831190', '[临时公告]第六元素：关于公司股票将在全国股份转让系统挂牌公开转让的提示性公告', 'http://bjzr.gfzr.com.cn/fina/2014-10-14/64470234.PDF', '2014-10-14'), ('39', '18', '831197', '[临时公告]雅洁源：关于公司股票将在全国股份转让系统挂牌公开转让的提示性公告', 'http://bjzr.gfzr.com.cn/fina/2014-10-14/64470235.PDF', '2014-10-14'), ('40', '18', '831114', '[临时公告]易销科技：股票解除限售公告', 'http://bjzr.gfzr.com.cn/fina/2014-10-14/64468432.PDF', '2014-10-14'), ('41', '2', '100095', '金匙环保：2014年第三次临时股东大会决议公告', 'http://www.china-see.com/setc_admin/upload/myupload_6673.pdf', '2014-10-14'), ('42', '2', '100095', '金匙环保：2014年第三次临时股东大会的法律意见书', 'http://www.china-see.com/setc_admin/upload/myupload_6674.pdf', '2014-10-14'), ('43', '2', '100058', '泰锋刀具：第一届董事会第六次会议决议公告', 'http://www.china-see.com/setc_admin/upload/myupload_6668.pdf', '2014-10-14'), ('44', '2', '100139', '光世农业：关于公司完成工商变更登记的公告', 'http://www.china-see.com/setc_admin/upload/myupload_6669.pdf', '2014-10-14'), ('45', '2', '100068', '乔孚股份：2014年第三次临时股东大会决议公告', 'http://www.china-see.com/setc_admin/upload/myupload_6666.pdf', '2014-10-14'), ('46', '2', '100068', '乔孚股份：关于公司完成工商变更登记的公告', 'http://www.china-see.com/setc_admin/upload/myupload_6667.pdf', '2014-10-14'), ('47', '2', '100068', '乔孚股份：2014年第三次临时股东大会法律意见书', 'http://www.china-see.com/setc_admin/upload/myupload_6670.pdf', '2014-10-14'), ('48', '2', '100003', '康捷保：2014年第一次临时股东大会法律意见书', 'http://www.china-see.com/setc_admin/upload/myupload_6663.pdf', '2014-10-14'), ('49', '2', '100162', '慧升智能：关于公司完成工商变更登记的公告', 'http://www.china-see.com/setc_admin/upload/myupload_6678.pdf', '2014-10-14'), ('50', '2', '100185', '美瀚科技：2014年第一次临时股东大会决议公告', 'http://www.china-see.com/setc_admin/upload/myupload_6671.pdf', '2014-10-14'), ('51', '2', '100202', '建为历保：2014年第二次临时股东大会决议公告', 'http://www.china-see.com/setc_admin/upload/myupload_6643.pdf', '2014-10-14'), ('52', '2', '100202', '建为历保：2014年第二次临时股东大会法律意见书', 'http://www.china-see.com/setc_admin/upload/myupload_6644.pdf', '2014-10-14'), ('53', '2', '100003', '康捷保：2014年第一次临时股东大会决议公告', 'http://www.china-see.com/setc_admin/upload/myupload_6649.pdf', '2014-10-14'), ('54', '2', '100003', '康捷保：股份解除转让限制公告', 'http://www.china-see.com/setc_admin/upload/myupload_6661.pdf', '2014-10-14'), ('55', '2', '100162', '慧升智能：第一届董事会第七次会议决议公告暨召开2014年...', 'http://www.china-see.com/setc_admin/upload/myupload_6651.pdf', '2014-10-14'), ('56', '2', '100278', '康丽股份：法律意见书', 'http://www.china-see.com/setc_admin/upload/myupload_6657.pdf', '2014-10-13'), ('57', '2', '100278', '康丽股份：公司章程', 'http://www.china-see.com/setc_admin/upload/myupload_6658.pdf', '2014-10-13'), ('58', '2', '100278', '康丽股份：审计报告', 'http://www.china-see.com/setc_admin/upload/myupload_6659.pdf', '2014-10-13'), ('59', '2', '100278', '康丽股份：股份转让说明书', 'http://www.china-see.com/setc_admin/upload/myupload_6660.pdf', '2014-10-13'), ('60', '12', '', '河北万盛美纸业股份有限公司2014年度中期报告', 'http://www.tjsoc.com/web/pdf/信息披露/河北万盛美纸业股份有限公司2014年度中期报告.pdf', '2014-10-13'), ('61', '12', '', '湖北纽斯达食品股份有限公司2014年度中期报告', 'http://www.tjsoc.com/web/pdf/信息披露/湖北纽斯达食品股份有限公司2014年度中期报告.pdf', '2014-10-13'), ('62', '12', '', '广西桂林天然食品股份有限公司2014年中期报告', 'http://www.tjsoc.com/web/pdf/信息披露/广西桂林天然食品股份有限公司2014年度中期报告.pdf', '2014-10-13'), ('63', '12', '', '东营海丰石油化工股份有限公司关于召开2014年第一次临时股东大会的通知', 'http://www.tjsoc.com/web/pdf/信息披露/东营海丰石油化工股份有限公司关于召开2014年第一次临时股东大会的通知.pdf', '2014-10-13'), ('64', '12', '', '东营海丰石油化工股份有限公司第一届董事会2014年第二次会议决议公告', 'http://www.tjsoc.com/web/pdf/信息披露/东营海丰石油化工股份有限公司第一届董事会2014年第二次会议决议公告.pdf', '2014-10-13'), ('65', '12', '', '湖北茂弘纺织股份有限公司关于生产经营状况的重大事项公告', 'http://www.tjsoc.com/web/pdf/信息披露/湖北茂弘纺织股份有限公司关于生产经营状况的重大事项公告（201410.13）.pdf', '2014-10-13'), ('66', '12', '', '广东广济堂医药实业股份有限公司关于延长停牌时间的公告', 'http://www.tjsoc.com/web/pdf/信息披露/广东广济堂医药实业股份有限公司关于延长停牌时间的公告(2014.10.13).pdf', '2014-10-13'), ('67', '12', '', '湖南飘峰电气股份有限公司关于延期披露2014年中期报告并停牌的公告', 'http://www.tjsoc.com/web/pdf/信息披露/湖南飘峰电气股份有限公司关于延期披露2014年中期报告并停牌的公告.pdf', '2014-10-13'), ('68', '12', '', '河北鲁梅卡机械制造股份有限公司2014年第三季度重大事项声明', 'http://www.tjsoc.com/web/pdf/信息披露/河北鲁梅卡机械制造股份有限公司2014年第三季度重大事项声明.pdf', '2014-10-13'), ('69', '12', '', '沧州中天伟业商城股份有限公司2014年第三季度重大事项声明', 'http://www.tjsoc.com/web/pdf/信息披露/沧州中天伟业商城股份有限公司2014年第三季度重大事项声明.pdf', '2014-10-13'), ('70', '12', '', '沧兴集团商砼股份有限公司2014年第三季度重大事项声明', 'http://www.tjsoc.com/web/pdf/信息披露/沧兴集团商砼股份有限公司2014年第三季度重大事项声明.pdf', '2014-10-13'), ('71', '12', '', '吉林远通路桥工程集团股份有限公司2014年第三季度重大事项声明', 'http://www.tjsoc.com/web/pdf/信息披露/吉林远通路桥工程股份有限公司2014年第三季度重大事项声明.pdf', '2014-10-13'), ('72', '12', '', '巴中市天豪生态农业综合开发股份有限公司2014年第三季度重大事项声明', 'http://www.tjsoc.com/web/pdf/信息披露/巴中市天豪生态农业综合开发股份有限公司2014年第三季度重大事项声明.pdf', '2014-10-13'), ('73', '12', '', '石家庄清凉湾热力股份有限公司关于完成重组过程中评估报告的说明', 'http://www.tjsoc.com/web/pdf/信息披露/石家庄清凉湾热力股份有限公司关于完成重组过程中评估报告的说明.pdf', '2014-10-13'), ('74', '12', '', '四川御营春酒业股份有限公司关于公司抵押借款的重大事项公告', 'http://www.tjsoc.com/web/pdf/信息披露/四川御营春酒业股份有限公司关于公司抵押借款的重大事项公告（2014.10.13）.pdf', '2014-10-13'), ('75', '12', '', '四川御营春酒业股份有限公司第一届董事会2014年第五次会议决议公告', 'http://www.tjsoc.com/web/pdf/信息披露/四川御营春酒业股份有限公司第一届董事会2014年第五次会议决议公告.pdf', '2014-10-13'), ('76', '12', '', '甘肃巨鹏食品股份有限公司停牌公告', 'http://www.tjsoc.com/web/pdf/信息披露/甘肃巨鹏食品股份有限公司停牌公告(2014.10.11).pdf', '2014-10-11'), ('77', '12', '', '甘肃巨鹏食品股份有限公司关于召开2014年第二次临时股东大会的通知', 'http://www.tjsoc.com/web/pdf/信息披露/甘肃巨鹏食品股份有限公司关于召开2014年第二次临时股东大会的通知.pdf', '2014-10-11'), ('78', '12', '', '甘肃巨鹏食品股份有限公司第一届董事会第四次会议决议的公告', 'http://www.tjsoc.com/web/pdf/信息披露/甘肃巨鹏食品股份有限公司第一届董事会第四次会议决议的公告.pdf', '2014-10-11'), ('79', '12', '', '黑龙江鹿源春鹿业股份有限公司关于董事变更的公告', 'http://www.tjsoc.com/web/pdf/信息披露/黑龙江鹿源春鹿业股份有限公司关于董事变更的公告(2014.10.11).pdf', '2014-10-11'), ('80', '18', '830902', '[临时公告]长仪股份：2014年第二次临时股东大会决议公告', 'http://bjzr.gfzr.com.cn/fina/2014-10-14/64470756.PDF', '2014-10-14'), ('81', '18', '830902', '[临时公告]长仪股份：股票发行认购公告', 'http://bjzr.gfzr.com.cn/fina/2014-10-14/64470757.PDF', '2014-10-14'), ('82', '18', '831082', '[临时公告]汇鑫嘉德：2014年第六次临时股东大会决议公告', 'http://bjzr.gfzr.com.cn/fina/2014-10-14/64470745.PDF', '2014-10-14'), ('83', '18', '430035', '[临时公告]中 兴 通：关于2014年半年度权益分派实施的更正公告', 'http://bjzr.gfzr.com.cn/fina/2014-10-14/64470746.PDF', '2014-10-14'), ('84', '18', '831118', '[临时公告]兰亭科技：2014年第三次临时股东大会会议决议公告', 'http://bjzr.gfzr.com.cn/fina/2014-10-14/64470744.PDF', '2014-10-14'), ('85', '18', '430371', '[临时公告]科传股份：关于子公司收购股权的公告', 'http://bjzr.gfzr.com.cn/fina/2014-10-14/64470669.PDF', '2014-10-14'), ('86', '18', '430371', '[临时公告]科传股份：第二届董事会第十一次会议决议公告', 'http://bjzr.gfzr.com.cn/fina/2014-10-14/64470670.PDF', '2014-10-14'), ('87', '18', '430758', '[临时公告]四联智能：对外担保公告', 'http://bjzr.gfzr.com.cn/fina/2014-10-14/64470643.PDF', '2014-10-14'), ('88', '18', '430758', '[临时公告]四联智能：第六届董事会第四次会议决议公告', 'http://bjzr.gfzr.com.cn/fina/2014-10-14/64470644.PDF', '2014-10-14'), ('89', '18', '830782', '[临时公告]泰安众诚：更正公告', 'http://bjzr.gfzr.com.cn/fina/2014-10-14/64470641.PDF', '2014-10-14'), ('90', '18', '830782', '[临时公告]泰安众诚：股票发行方案（更新后）', 'http://bjzr.gfzr.com.cn/fina/2014-10-14/64470642.PDF', '2014-10-14'), ('91', '18', '430413', '[临时公告]沄辉科技：2014年第一次临时股东会议决议公告', 'http://bjzr.gfzr.com.cn/fina/2014-10-14/64470637.PDF', '2014-10-14'), ('92', '18', '430413', '[临时公告]沄辉科技：股份发行认购公告', 'http://bjzr.gfzr.com.cn/fina/2014-10-14/64470638.PDF', '2014-10-14'), ('93', '18', '430675', '[临时公告]天跃科技：2014年第三次临时股东大会决议公告', 'http://bjzr.gfzr.com.cn/fina/2014-10-14/64470632.PDF', '2014-10-14'), ('94', '18', '430675', '[临时公告]天跃科技：关于公司2014年第三次临时股东大会法律意见书', 'http://bjzr.gfzr.com.cn/fina/2014-10-14/64470633.PDF', '2014-10-14'), ('95', '18', '430675', '[临时公告]天跃科技：股票发行认购公告', 'http://bjzr.gfzr.com.cn/fina/2014-10-14/64470634.PDF', '2014-10-14'), ('96', '18', '430140', '[券商公告]新眼光：中信建投证券股份有限公司关于公司股票发行合法合规性的专项意见', 'http://bjzr.gfzr.com.cn/fina/2014-10-14/64470407.PDF', '2014-10-14'), ('97', '18', '831219', '[临时公告]詹氏食品：公开转让说明书', 'http://bjzr.gfzr.com.cn/fina/2014-10-14/64471118.PDF', '2014-10-14'), ('98', '18', '831219', '[临时公告]詹氏食品：公司章程', 'http://bjzr.gfzr.com.cn/fina/2014-10-14/64471124.PDF', '2014-10-14'), ('99', '18', '831219', '[临时公告]詹氏食品：审计报告', 'http://bjzr.gfzr.com.cn/fina/2014-10-14/64471119.PDF', '2014-10-14'), ('100', '18', '831219', '[临时公告]詹氏食品：关于公司股票申请进入全国中小企业股份转让系统挂牌转让之补充法律意见书', 'http://bjzr.gfzr.com.cn/fina/2014-10-14/64471121.PDF', '2014-10-14'), ('101', '18', '831219', '[临时公告]詹氏食品：关于公司股票申请进入全国中小企业股份转让系统挂牌转让之补充法律意见书（二）', 'http://bjzr.gfzr.com.cn/fina/2014-10-14/64471122.PDF', '2014-10-14'), ('102', '18', '831219', '[临时公告]詹氏食品：关于公司股票申请进入全国中小企业股份转让系统挂牌转让之补充法律意见书（三）', 'http://bjzr.gfzr.com.cn/fina/2014-10-14/64471123.PDF', '2014-10-14'), ('103', '18', '831219', '[临时公告]詹氏食品：关于公司股票申请进入全国中小企业股份转让系统挂牌转让之法律意见书', 'http://bjzr.gfzr.com.cn/fina/2014-10-14/64471120.PDF', '2014-10-14'), ('104', '18', '831219', '[券商公告]詹氏食品：国元证券股份有限公司关于推荐公司股票进入全国中小企业股份转让系统挂牌转让的推荐报告', 'http://bjzr.gfzr.com.cn/fina/2014-10-14/64471125.PDF', '2014-10-14'), ('105', '18', '831219', '[业务通知]詹氏食品：全国中小企业股份转让系统有限责任公司关于同意公司股票在全国中小企业股份转让系统挂牌的函', 'http://bjzr.gfzr.com.cn/fina/2014-10-14/64471126.PDF', '2014-10-14'), ('106', '18', '831212', '[临时公告]耐磨科技：公开转让说明书', 'http://bjzr.gfzr.com.cn/fina/2014-10-14/64471128.PDF', '2014-10-14'), ('107', '18', '831212', '[临时公告]耐磨科技：公司章程', 'http://bjzr.gfzr.com.cn/fina/2014-10-14/64471131.PDF', '2014-10-14'), ('108', '18', '831212', '[临时公告]耐磨科技：审计报告', 'http://bjzr.gfzr.com.cn/fina/2014-10-14/64471132.PDF', '2014-10-14'), ('109', '18', '831212', '[临时公告]耐磨科技：北京德恒（昆明）律师事务所关于公司申请股票在全国中小企业股份转让系统挂牌并公开转让的补充法律意见书', 'http://bjzr.gfzr.com.cn/fina/2014-10-14/64471134.PDF', '2014-10-14'), ('110', '18', '831212', '[临时公告]耐磨科技：北京德恒（昆明）律师事务所关于公司申请股票在全国中小企业股份转让系统挂牌并公开转让的法律意见书', 'http://bjzr.gfzr.com.cn/fina/2014-10-14/64471133.PDF', '2014-10-14'), ('111', '18', '831212', '[券商公告]耐磨科技：太平洋证券股份有限公司关于推荐公司股票在全国中小企业股份转让系统挂牌的推荐报告', 'http://bjzr.gfzr.com.cn/fina/2014-10-14/64471127.PDF', '2014-10-14'), ('112', '18', '831212', '[业务通知]耐磨科技：全国中小企业股份转让系统有限责任公司关于同意公司股票在全国中小企业股份转让系统挂牌的函', 'http://bjzr.gfzr.com.cn/fina/2014-10-14/64471135.PDF', '2014-10-14'), ('113', '18', '430088', '[临时公告]七维航测：第二届董事会第八次会议决议公告', 'http://bjzr.gfzr.com.cn/fina/2014-10-14/64471454.PDF', '2014-10-14'), ('114', '18', '430088', '[临时公告]七维航测：关于召开2014年第五次临时股东大会通知的公告', 'http://bjzr.gfzr.com.cn/fina/2014-10-14/64471455.PDF', '2014-10-14'), ('115', '18', '430088', '[临时公告]七维航测：股票发行方案', 'http://bjzr.gfzr.com.cn/fina/2014-10-14/64471458.PDF', '2014-10-14'), ('116', '18', '831073', '[临时公告]瑞恒科技：第一届董事会第四次会议决议公告', 'http://bjzr.gfzr.com.cn/fina/2014-10-14/64471453.PDF', '2014-10-14'), ('117', '18', '430724', '[临时公告]芳笛环保：召开2014年第五次临时股东大会的通知', 'http://bjzr.gfzr.com.cn/fina/2014-10-14/64471440.PDF', '2014-10-14'), ('118', '18', '430724', '[临时公告]芳笛环保：第一届董事会第十次会议决议公告', 'http://bjzr.gfzr.com.cn/fina/2014-10-14/64471441.PDF', '2014-10-14'), ('119', '18', '430724', '[临时公告]芳笛环保：关于2013年利润分配预案的公告', 'http://bjzr.gfzr.com.cn/fina/2014-10-14/64471442.PDF', '2014-10-14'), ('120', '18', '430220', '[临时公告]迈达科技：关于召开2014年第一次临时股东大会通知公告', 'http://bjzr.gfzr.com.cn/fina/2014-10-14/64471438.PDF', '2014-10-14'), ('121', '18', '430220', '[临时公告]迈达科技：第一届董事会第九次会议决议公告', 'http://bjzr.gfzr.com.cn/fina/2014-10-14/64471439.PDF', '2014-10-14'), ('122', '18', '831186', '[临时公告]金鸿药业：第一届董事会第九次会议决议公告暨召开2014年第二次临时股东大会的通知', 'http://bjzr.gfzr.com.cn/fina/2014-10-14/64471436.PDF', '2014-10-14'), ('123', '18', '831186', '[临时公告]金鸿药业：第一届监事会第七次会议决议公告', 'http://bjzr.gfzr.com.cn/fina/2014-10-14/64471437.PDF', '2014-10-14'), ('124', '18', '430393', '[临时公告]三景科技：关于会计估计变更的公告', 'http://bjzr.gfzr.com.cn/fina/2014-10-14/64471431.PDF', '2014-10-14'), ('125', '18', '430393', '[临时公告]三景科技：第一届董事会第十一次会议决议公告', 'http://bjzr.gfzr.com.cn/fina/2014-10-14/64471432.PDF', '2014-10-14'), ('126', '18', '430393', '[临时公告]三景科技：第一届监事会第六次会议决议公告', 'http://bjzr.gfzr.com.cn/fina/2014-10-14/64471433.PDF', '2014-10-14'), ('127', '18', '430035', '[临时公告]中 兴 通：2014年半年度权益分派实施公告（更新后）', 'http://bjzr.gfzr.com.cn/fina/2014-10-14/64471425.PDF', '2014-10-14'), ('128', '18', '430014', '[临时公告]恒业世纪：关于辽宁深港投资有限公司资金往来情况的说明公告', 'http://bjzr.gfzr.com.cn/fina/2014-10-14/64471424.PDF', '2014-10-14'), ('129', '18', '430147', '[临时公告]中矿龙科：2014年第二次临时股东大会决议公告', 'http://bjzr.gfzr.com.cn/fina/2014-10-14/64471426.PDF', '2014-10-14'), ('130', '18', '831029', '[临时公告]银丰棉花：第四届董事会第六次会议决议公告', 'http://bjzr.gfzr.com.cn/fina/2014-10-14/64471422.PDF', '2014-10-14'), ('131', '18', '831029', '[临时公告]银丰棉花：出售资产的公告', 'http://bjzr.gfzr.com.cn/fina/2014-10-14/64471423.PDF', '2014-10-14'), ('132', '18', '430518', '[临时公告]嘉达早教：股票发行认购公告', 'http://bjzr.gfzr.com.cn/fina/2014-10-14/64471419.PDF', '2014-10-14'), ('133', '18', '430518', '[临时公告]嘉达早教：2014年第三次临时股东大会的法律意见书', 'http://bjzr.gfzr.com.cn/fina/2014-10-14/64471420.PDF', '2014-10-14'), ('134', '18', '430518', '[临时公告]嘉达早教：2014年第三次临时股东大会决议公告', 'http://bjzr.gfzr.com.cn/fina/2014-10-14/64471421.PDF', '2014-10-14'), ('135', '18', '430762', '[临时公告]荣昌育种：2014年第六次临时股东大会决议公告', 'http://bjzr.gfzr.com.cn/fina/2014-10-14/64471184.PDF', '2014-10-14'), ('136', '18', '430711', '[临时公告]泓源光电：第一届监事会第五次会议决议公告', 'http://bjzr.gfzr.com.cn/fina/2014-10-14/64471180.PDF', '2014-10-14'), ('137', '18', '430711', '[临时公告]泓源光电：关于监事变更公告', 'http://bjzr.gfzr.com.cn/fina/2014-10-14/64471181.PDF', '2014-10-14'), ('138', '18', '430711', '[临时公告]泓源光电：2014年第一次临时股东大会的见证意见', 'http://bjzr.gfzr.com.cn/fina/2014-10-14/64471182.PDF', '2014-10-14'), ('139', '18', '430711', '[临时公告]泓源光电：2014年第一次临时股东大会决议公告', 'http://bjzr.gfzr.com.cn/fina/2014-10-14/64471183.PDF', '2014-10-14'), ('140', '18', '831068', '[临时公告]凌志环保：关于子公司沭阳凌志水务有限公司与江苏省沭阳县人民政府签订《关于沭阳经济开发区8万立方米/日工业污水处理厂项目特许经营权协议》之补充合同的公告', 'http://bjzr.gfzr.com.cn/fina/2014-10-14/64471168.PDF', '2014-10-14'), ('141', '18', '831068', '[临时公告]凌志环保：2014年第三次临时股东大会决议公告', 'http://bjzr.gfzr.com.cn/fina/2014-10-14/64471169.PDF', '2014-10-14'), ('142', '18', '430297', '[临时公告]金硕信息：关于董监高变动的公告', 'http://bjzr.gfzr.com.cn/fina/2014-10-14/64471162.PDF', '2014-10-14'), ('143', '18', '430604', '[临时公告]三炬生物：首批股票解除限售公告', 'http://bjzr.gfzr.com.cn/fina/2014-10-14/64471163.PDF', '2014-10-14'), ('144', '18', '430673', '[临时公告]天佑铁道：关于获得北车集团城轨车轮消音环订单的公告', 'http://bjzr.gfzr.com.cn/fina/2014-10-14/64471164.PDF', '2014-10-14'), ('145', '18', '430238', '[临时公告]普华科技：关于完成工商变更登记的公告', 'http://bjzr.gfzr.com.cn/fina/2014-10-14/64471028.PDF', '2014-10-14'), ('146', '18', '430416', '[临时公告]地林伟业：股票解除限售公告', 'http://bjzr.gfzr.com.cn/fina/2014-10-14/64471029.PDF', '2014-10-14'), ('147', '18', '430707', '[临时公告]欧神诺：2014年第三次临时股东大会决议公告', 'http://bjzr.gfzr.com.cn/fina/2014-10-14/64471032.PDF', '2014-10-14'), ('148', '18', '430301', '[临时公告]倚天股份：第一届董事会第十一次会议决议公告暨召开2014年第二次临时股东大会的通知', 'http://bjzr.gfzr.com.cn/fina/2014-10-14/64471070.PDF', '2014-10-14'), ('149', '18', '430033', '[临时公告]彩讯科技：关于财务总监、董事会秘书辞职公告', 'http://bjzr.gfzr.com.cn/fina/2014-10-14/64470848.PDF', '2014-10-14'), ('150', '18', '830808', '[临时公告]中智华体：关于选举职工代表监事的公告', 'http://bjzr.gfzr.com.cn/fina/2014-10-14/64470844.PDF', '2014-10-14'), ('151', '18', '830808', '[临时公告]中智华体：关于第一届董事会第四次会议决议暨召开2014年第一次临时股东大会的公告', 'http://bjzr.gfzr.com.cn/fina/2014-10-14/64470845.PDF', '2014-10-14'), ('152', '18', '830808', '[临时公告]中智华体：关于第一届监事会第三次会议决议公告', 'http://bjzr.gfzr.com.cn/fina/2014-10-14/64470846.PDF', '2014-10-14'), ('153', '18', '430594', '[临时公告]盈光科技：关于公司2014年第三次临时股东大会的法律意见书', 'http://bjzr.gfzr.com.cn/fina/2014-10-14/64470839.PDF', '2014-10-14'), ('154', '18', '430594', '[临时公告]盈光科技：2014年第三次临时股东大会决议公告', 'http://bjzr.gfzr.com.cn/fina/2014-10-14/64470840.PDF', '2014-10-14'), ('155', '18', '430594', '[临时公告]盈光科技：关于公司关联方为子公司开平市盈光机电科技有限公司融资租赁业务提供担保的关联交易公告', 'http://bjzr.gfzr.com.cn/fina/2014-10-14/64470841.PDF', '2014-10-14'), ('156', '2', '100198', '磊诺安防：2014年第三次临时股东大会法律意见书', 'http://www.china-see.com/setc_admin/upload/myupload_6682.pdf', '2014-10-14'), ('157', '2', '100280', '联诚科技：法律意见书', 'http://www.china-see.com/setc_admin/upload/myupload_6695.pdf', '2014-10-14'), ('158', '2', '100280', '联诚科技：审计报告', 'http://www.china-see.com/setc_admin/upload/myupload_6694.pdf', '2014-10-14'), ('159', '2', '100280', '联诚科技：公司章程', 'http://www.china-see.com/setc_admin/upload/myupload_6693.pdf', '2014-10-14'), ('160', '2', '100280', '联诚科技：股份转让说明书', 'http://www.china-see.com/setc_admin/upload/myupload_6692.pdf', '2014-10-14'), ('161', '2', '100192', '国富光启：2014年第一次临时股东大会决议公告', 'http://www.china-see.com/setc_admin/upload/myupload_6687.pdf', '2014-10-14'), ('162', '2', '100192', '国富光启：2014年第一次临时股东大会法律意见书', 'http://www.china-see.com/setc_admin/upload/myupload_6688.pdf', '2014-10-14'), ('163', '2', '100205', '志成农业：2014年第四次临时股东大会决议公告', 'http://www.china-see.com/setc_admin/upload/myupload_6685.pdf', '2014-10-14'), ('164', '2', '100205', '志成农业：2014年第四次临时股东大会法律意见书', 'http://www.china-see.com/setc_admin/upload/myupload_6686.pdf', '2014-10-14'), ('165', '2', '100256', '桃花源：2014年第二次临时股东大会的法律意见书', 'http://www.china-see.com/setc_admin/upload/myupload_6697.pdf', '2014-10-14'), ('166', '2', '100256', '桃花源：2014年第二次临时股东大会决议的公告', 'http://www.china-see.com/setc_admin/upload/myupload_6696.pdf', '2014-10-14'), ('167', '2', '100185', '美瀚科技：2014年第一次临时股东大会的法律意见书', 'http://www.china-see.com/setc_admin/upload/myupload_6672.pdf', '2014-10-13'), ('168', '12', '', '宁夏白浪包装股份有限公司关于获得“2014年宁夏回族自治区专精特新中小企业”的公告', 'http://www.tjsoc.com/web/pdf/信息披露/宁夏白浪包装股份有限公司关于获得“2014年宁夏回族自治区专精特新中小企业”的公告.pdf', '2014-10-14'), ('169', '12', '', '山东博特精工股份有限公司第三届董事会第三次会议决议公告', 'http://www.tjsoc.com/web/pdf/信息披露/山东博特精工股份有限公司第三届董事会第三次会议决议公告.pdf', '2014-10-14'), ('170', '18', '831225', '[临时公告]宏景软件：公开转让说明书', 'http://bjzr.gfzr.com.cn/fina/2014-10-15/64473151.PDF', '2014-10-15'), ('171', '18', '831225', '[临时公告]宏景软件：公司章程', 'http://bjzr.gfzr.com.cn/fina/2014-10-15/64473155.PDF', '2014-10-15'), ('172', '18', '831225', '[临时公告]宏景软件：审计报告书', 'http://bjzr.gfzr.com.cn/fina/2014-10-15/64473152.PDF', '2014-10-15'), ('173', '18', '831225', '[临时公告]宏景软件：北京市东易律师事务所关于公司股票在全国中小企业股份转让系统挂牌公开转让的补充法律意见书', 'http://bjzr.gfzr.com.cn/fina/2014-10-15/64473154.PDF', '2014-10-15'), ('174', '18', '831225', '[临时公告]宏景软件：北京市东易律师事务所关于公司股票在全国中小企业股份转让系统挂牌公开转让的法律意见书', 'http://bjzr.gfzr.com.cn/fina/2014-10-15/64473153.PDF', '2014-10-15'), ('175', '18', '831225', '[券商公告]宏景软件：中信建投证券股份有限公司关于推荐公司股票在全国中小企业股份转让系统挂牌的推荐报告', 'http://bjzr.gfzr.com.cn/fina/2014-10-15/64473157.PDF', '2014-10-15'), ('176', '18', '831225', '[业务通知]宏景软件：全国中小企业股份转让系统有限责任公司关于同意公司股票在全国中小企业股份转让系统挂牌的函', 'http://bjzr.gfzr.com.cn/fina/2014-10-15/64473156.PDF', '2014-10-15'), ('177', '18', '831220', '[临时公告]新宁股份：公开转让说明书', 'http://bjzr.gfzr.com.cn/fina/2014-10-15/64473138.PDF', '2014-10-15'), ('178', '18', '831220', '[临时公告]新宁股份：公司章程', 'http://bjzr.gfzr.com.cn/fina/2014-10-15/64473137.PDF', '2014-10-15'), ('179', '18', '831220', '[临时公告]新宁股份：审计报告', 'http://bjzr.gfzr.com.cn/fina/2014-10-15/64473141.PDF', '2014-10-15'), ('180', '18', '831220', '[临时公告]新宁股份：安徽天禾律师事务所关于公司申请股票进入全国中小企业股份转让系统挂牌转让之补充法律意见书（一）', 'http://bjzr.gfzr.com.cn/fina/2014-10-15/64473140.PDF', '2014-10-15'), ('181', '18', '831220', '[临时公告]新宁股份：安徽天禾律师事务所关于公司股票申请进入全国中小企业股份转让系统挂牌转让之法律意见书', 'http://bjzr.gfzr.com.cn/fina/2014-10-15/64473139.PDF', '2014-10-15'), ('182', '18', '831220', '[券商公告]新宁股份：华安证券股份有限公司推荐公司股份进入全国中小企业股份转让系统挂牌及公开转让的推荐报告', 'http://bjzr.gfzr.com.cn/fina/2014-10-15/64473135.PDF', '2014-10-15'), ('183', '18', '831220', '[业务通知]新宁股份：全国中小企业股份转让系统有限责任公司关于同意公司股票在全国中小企业股份转让系统挂牌的函', 'http://bjzr.gfzr.com.cn/fina/2014-10-15/64473136.PDF', '2014-10-15'), ('184', '18', '831206', '[临时公告]尚恩科技：公开转让说明书', 'http://bjzr.gfzr.com.cn/fina/2014-10-15/64473131.PDF', '2014-10-15'), ('185', '18', '831206', '[临时公告]尚恩科技：公司章程', 'http://bjzr.gfzr.com.cn/fina/2014-10-15/64473130.PDF', '2014-10-15'), ('186', '18', '831206', '[临时公告]尚恩科技：审计报告', 'http://bjzr.gfzr.com.cn/fina/2014-10-15/64473134.PDF', '2014-10-15'), ('187', '18', '831206', '[临时公告]尚恩科技：北京市中银（济南）律师事务所关于公司申请股票进入全国中小企业股份转让系统挂牌公开转让之补充法律意见书（一）', 'http://bjzr.gfzr.com.cn/fina/2014-10-15/64473133.PDF', '2014-10-15'), ('188', '18', '831206', '[临时公告]尚恩科技：北京市中银（济南）律师事务所关于公司申请股票进入全国中小企业股份转让系统挂牌公开转让之法律意见书', 'http://bjzr.gfzr.com.cn/fina/2014-10-15/64473132.PDF', '2014-10-15'), ('189', '18', '831206', '[券商公告]尚恩科技：中信证券股份有限公司关于推荐公司股票在全国中小企业股份转让系统挂牌的报告', 'http://bjzr.gfzr.com.cn/fina/2014-10-15/64473128.PDF', '2014-10-15'), ('190', '18', '831206', '[业务通知]尚恩科技：全国中小企业股份转让系统有限责任公司关于同意公司股票在全国中小企业股份在转让系统挂牌的函', 'http://bjzr.gfzr.com.cn/fina/2014-10-15/64473129.PDF', '2014-10-15'), ('191', '18', '830961', '[临时公告]圣华农科：召开2014年第三次临时股东大会的通知', 'http://bjzr.gfzr.com.cn/fina/2014-10-15/64473076.PDF', '2014-10-15'), ('192', '18', '831135', '[临时公告]永冠股份：2014年第二次临时股东大会决议公告', 'http://bjzr.gfzr.com.cn/fina/2014-10-15/64473074.PDF', '2014-10-15'), ('193', '18', '831135', '[临时公告]永冠股份：董事、高级管理人员变动公告', 'http://bjzr.gfzr.com.cn/fina/2014-10-15/64473075.PDF', '2014-10-15'), ('194', '18', '430657', '[临时公告]楼兰股份：2014年第六次临时股东大会决议公告', 'http://bjzr.gfzr.com.cn/fina/2014-10-15/64473071.PDF', '2014-10-15'), ('195', '18', '430657', '[临时公告]楼兰股份：股票发行认购公告（五）', 'http://bjzr.gfzr.com.cn/fina/2014-10-15/64473072.PDF', '2014-10-15'), ('196', '18', '430657', '[临时公告]楼兰股份：2014年第六次临时股东大会的法律意见', 'http://bjzr.gfzr.com.cn/fina/2014-10-15/64473073.PDF', '2014-10-15'), ('197', '18', '430667', '[临时公告]三多堂：首批股票解除限售公告', 'http://bjzr.gfzr.com.cn/fina/2014-10-15/64473070.PDF', '2014-10-15'), ('198', '18', '830822', '[临时公告]海容冷链：2013年度利润分配实施公告', 'http://bjzr.gfzr.com.cn/fina/2014-10-15/64473068.PDF', '2014-10-15'), ('199', '18', '830822', '[临时公告]海容冷链：2014年第二次临时股东大会决议公告', 'http://bjzr.gfzr.com.cn/fina/2014-10-15/64473069.PDF', '2014-10-15'), ('200', '18', '430222', '[临时公告]璟泓科技：关于公司股票发行股份将在全国中小企业股份转让系统挂牌并公开转让的公告', 'http://bjzr.gfzr.com.cn/fina/2014-10-15/64472812.PDF', '2014-10-15'), ('201', '18', '430725', '[临时公告]九五智驾：股票解除限售公告', 'http://bjzr.gfzr.com.cn/fina/2014-10-15/64472811.PDF', '2014-10-15'), ('202', '18', '831147', '[临时公告]合建重科：2014年第四次临时股东大会会议决议公告', 'http://bjzr.gfzr.com.cn/fina/2014-10-15/64472814.PDF', '2014-10-15'), ('203', '18', '430261', '[临时公告]易维科技：股权质押公告', 'http://bjzr.gfzr.com.cn/fina/2014-10-15/64472813.PDF', '2014-10-15'), ('204', '18', '430486', '[临时公告]普金科技：关于公司“普金网金财税服务平台”被认定为广州市中小企业公共服务示范平台的公告', 'http://bjzr.gfzr.com.cn/fina/2014-10-15/64472791.PDF', '2014-10-15'), ('205', '18', '430376', '[临时公告]东亚装饰：关于公司中标的公告', 'http://bjzr.gfzr.com.cn/fina/2014-10-15/64472792.PDF', '2014-10-15'), ('206', '18', '831143', '[临时公告]焕鑫股份：关于公司第三次临时股东大会的法律意见书', 'http://bjzr.gfzr.com.cn/fina/2014-10-15/64472788.PDF', '2014-10-15'), ('207', '18', '831143', '[临时公告]焕鑫股份：2014年第三次临时股东大会决议公告', 'http://bjzr.gfzr.com.cn/fina/2014-10-15/64472789.PDF', '2014-10-15'), ('208', '18', '831143', '[临时公告]焕鑫股份：股票发行认购公告', 'http://bjzr.gfzr.com.cn/fina/2014-10-15/64472790.PDF', '2014-10-15'), ('209', '18', '830850', '[临时公告]万企达：2014年第四次临时股东大会决议公告', 'http://bjzr.gfzr.com.cn/fina/2014-10-15/64472786.PDF', '2014-10-15'), ('210', '18', '830850', '[临时公告]万企达：关于公司发行股份将在全国股份转让系统挂牌并公开转让的公告', 'http://bjzr.gfzr.com.cn/fina/2014-10-15/64472787.PDF', '2014-10-15'), ('211', '18', '831195', '[临时公告]三祥科技：关于公司股票将在全国股份转让系统挂牌公开转让的提示性公告', 'http://bjzr.gfzr.com.cn/fina/2014-10-15/64472573.PDF', '2014-10-15'), ('212', '18', '831217', '[临时公告]书网教育：关于公司股票将在全国股份转让系统挂牌公开转让的提示性公告', 'http://bjzr.gfzr.com.cn/fina/2014-10-15/64472574.PDF', '2014-10-15'), ('213', '18', '831176', '[临时公告]天鸿股份：关于公司股票将在全国股份转让系统挂牌公开转让的提示性公告', 'http://bjzr.gfzr.com.cn/fina/2014-10-15/64472576.PDF', '2014-10-15'), ('214', '18', '830869', '[临时公告]英康科技：召开2014年第四次临时股东大会的通知', 'http://bjzr.gfzr.com.cn/fina/2014-10-15/64471015.PDF', '2014-10-15'), ('215', '18', '830869', '[临时公告]英康科技：收购资产的公告', 'http://bjzr.gfzr.com.cn/fina/2014-10-15/64471016.PDF', '2014-10-15'), ('216', '18', '830869', '[临时公告]英康科技：第一届董事会第六次会议决议公告', 'http://bjzr.gfzr.com.cn/fina/2014-10-15/64471017.PDF', '2014-10-15'), ('217', '2', '100056', '昂华股份：定向增资方案', 'http://www.china-see.com/setc_admin/upload/myupload_6680.pdf', '2014-10-14'), ('218', '2', '100212', '济众化学：第一届董事会第三次会议决议公告暨召开2014年...', 'http://www.china-see.com/setc_admin/upload/myupload_6683.pdf', '2014-10-14'), ('219', '2', '100212', '济众化学：定向增资方案', 'http://www.china-see.com/setc_admin/upload/myupload_6684.pdf', '2014-10-14'), ('220', '2', '100198', '磊诺安防：2014年第三次临时股东大会决议公告', 'http://www.china-see.com/setc_admin/upload/myupload_6681.pdf', '2014-10-14'), ('221', '12', '', '甘肃巨鹏食品股份有限公司2014年第二次临时股东大会决议公告', 'http://www.tjsoc.com/web/pdf/信息披露/甘肃巨鹏食品股份有限公司2014年第二次临时股东大会决议公告.pdf', '2014-10-15'), ('222', '12', '', '新疆宏景清真食品股份有限公司2014年第三季度重大事项声明', 'http://www.tjsoc.com/web/pdf/信息披露/新疆宏景清真食品股份有限公司2014年第三季度重大事项声明.pdf', '2014-10-15'), ('223', '12', '', '湖南奥莎电梯集团股份有限公司2014年第三季度重大事项声明', 'http://www.tjsoc.com/web/pdf/信息披露/湖南奥莎集团电梯股份有限公司2014年第三季度重大事项声明.pdf', '2014-10-15'), ('224', '12', '', '宁夏天润新能源设备股份有限公司2014年第三季度重大事项声明', 'http://www.tjsoc.com/web/pdf/信息披露/宁夏天润新能源设备股份有限公司2014年第三季度重大事项声明.pdf', '2014-10-15'), ('225', '12', '', '重庆东河水电股份有限公司 2014年第三季度重大事项声明', 'http://www.tjsoc.com/web/pdf/信息披露/重庆东河水电股份有限公司2014年第三季度重大事项声明.pdf', '2014-10-15'), ('226', '12', '', '湖南奥莎电梯集团股份有限公司关于延期披露三会公告、工商变更公告的说明', 'http://www.tjsoc.com/web/pdf/信息披露/湖南奥莎电梯集团股份有限公司关于延期披露三会公告、工商变更公告的说明.pdf', '2014-10-15'), ('227', '12', '', '湖南奥莎电梯集团股份有限公司关于完成工商变更登记的公告', 'http://www.tjsoc.com/web/pdf/信息披露/湖南奥莎电梯集团股份有限公司关于完成工商变更登记的公告（2014-10-15）.pdf', '2014-10-15'), ('228', '12', '', '湖南奥莎富士电梯股份有限公司2014年第四次临时股东大会决议公告', 'http://www.tjsoc.com/web/pdf/信息披露/湖南奥莎富士电梯股份有限公司2014年第四次临时股东大会决议公告.pdf', '2014-10-15'), ('229', '12', '', '湖南奥莎富士电梯股份有限公司第一届董事会2014年第四次会议决议公告', 'http://www.tjsoc.com/web/pdf/信息披露/湖南奥莎富士电梯股份有限公司第一届董事会2014年第四次会议决议公告.pdf', '2014-10-15'), ('230', '12', '', '德州市大亨通讯设备股份有限公司关于召开2014年第二次临时股东大会的通知', 'http://www.tjsoc.com/web/pdf/信息披露/德州市大亨通讯设备股份有限公司关于召开2014年第二次股东大会的通知.pdf', '2014-10-15'), ('231', '12', '', '德州市大亨通讯设备股份有限公司第一届董事会2014年第三次会议决议公告', 'http://www.tjsoc.com/web/pdf/信息披露/德州市大亨通讯设备股份有限公司第一届董事会2014年第三次会议决议公告.pdf', '2014-10-15'), ('232', '12', '', '德州市大亨通讯设备股份有限公司第一届董事会2014年第二次会议决议公告', 'http://www.tjsoc.com/web/pdf/信息披露/德州市大亨通讯设备股份有限公司第一届董事会2014年第二次会议决议公告.pdf', '2014-10-15'), ('233', '12', '', '廊坊市天鹏牧业股份有限公司关于中止信息披露并中止挂牌交易的重大事项公告', 'http://www.tjsoc.com/web/pdf/信息披露/廊坊市天鹏牧业股份有限公司关于中止信息披露并中止挂牌交易的重大事项公告.pdf', '2014-10-15'), ('234', '12', '', '易宝（福建）高分子材料股份有限公司2014年度中期报告', 'http://www.tjsoc.com/web/pdf/信息披露/易宝（福建）高分子材料股份有限公司2014年度中期报告.pdf', '2014-10-15'), ('235', '12', '', '黑龙江亿林网络股份有限公司2014年第三季度重大事项声明', 'http://www.tjsoc.com/web/pdf/信息披露/黑龙江亿林网络股份有限公司2014年第三季度重大事项声明.pdf', '2014-10-15'), ('236', '12', '', '沧州乾成钢管股份有限公司2014年第三季度重大事项声明', 'http://www.tjsoc.com/web/pdf/信息披露/沧州乾成钢管股份有限公司2014年第三季度重大事项.pdf', '2014-10-15'), ('237', '18', '831222', '[临时公告]金龙腾：公开转让说明书', 'http://bjzr.gfzr.com.cn/fina/2014-10-15/64473147.PDF', '2014-10-15'), ('238', '18', '831222', '[临时公告]金龙腾：公司章程', 'http://bjzr.gfzr.com.cn/fina/2014-10-15/64473146.PDF', '2014-10-15'), ('239', '18', '831222', '[临时公告]金龙腾：审计报告', 'http://bjzr.gfzr.com.cn/fina/2014-10-15/64473150.PDF', '2014-10-15'), ('240', '18', '831222', '[临时公告]金龙腾：北京市盈科律师事务所关于公司申请股票在全国中小企业股份转让系统公开转让的补充法律意见书（一）', 'http://bjzr.gfzr.com.cn/fina/2014-10-15/64473149.PDF', '2014-10-15'), ('241', '18', '831222', '[临时公告]金龙腾：北京市盈科律师事务所关于公司申请股票在全国中小企业股份转让系统公开转让的法律意见书', 'http://bjzr.gfzr.com.cn/fina/2014-10-15/64473148.PDF', '2014-10-15'), ('242', '18', '831222', '[券商公告]金龙腾：中信建投证券股份有限公司关于推荐公司股票进入全国中小企业股份转让系统挂牌的推荐报告', 'http://bjzr.gfzr.com.cn/fina/2014-10-15/64473144.PDF', '2014-10-15'), ('243', '18', '831222', '[业务通知]金龙腾：全国中小企业股份转让系统有限责任公司关于同意公司股票在全国中小企业股份转让系统挂牌的函', 'http://bjzr.gfzr.com.cn/fina/2014-10-15/64473145.PDF', '2014-10-15'), ('244', '18', '430268', '[临时公告]恒信启华：第一届监事会第七次会议决议公告', 'http://bjzr.gfzr.com.cn/fina/2014-10-15/64473886.PDF', '2014-10-15'), ('245', '18', '430268', '[临时公告]恒信启华：第一届董事会第六次会议决议公告暨召开2014年第一次临时股东大会的通知', 'http://bjzr.gfzr.com.cn/fina/2014-10-15/64473887.PDF', '2014-10-15'), ('246', '18', '430268', '[临时公告]恒信启华：股票发行方案', 'http://bjzr.gfzr.com.cn/fina/2014-10-15/64473888.PDF', '2014-10-15'), ('247', '18', '430268', '[临时公告]恒信启华：高级管理人员变动的公告', 'http://bjzr.gfzr.com.cn/fina/2014-10-15/64473889.PDF', '2014-10-15'), ('248', '18', '430206', '[临时公告]尚远环保：关于召开股东大会通知公告', 'http://bjzr.gfzr.com.cn/fina/2014-10-15/64473854.PDF', '2014-10-15'), ('249', '18', '430206', '[临时公告]尚远环保：第一届董事会第二十二次会议决议公告', 'http://bjzr.gfzr.com.cn/fina/2014-10-15/64473855.PDF', '2014-10-15'), ('250', '18', '830988', '[临时公告]兴和股份：关于子公司增资的公告', 'http://bjzr.gfzr.com.cn/fina/2014-10-15/64473852.PDF', '2014-10-15'), ('251', '18', '830988', '[临时公告]兴和股份：第三届董事会第十一次会议决议公告', 'http://bjzr.gfzr.com.cn/fina/2014-10-15/64473853.PDF', '2014-10-15'), ('252', '18', '430626', '[临时公告]胜达科技：第三届董事会第五次会议决议公告', 'http://bjzr.gfzr.com.cn/fina/2014-10-15/64473843.PDF', '2014-10-15'), ('253', '18', '430626', '[临时公告]胜达科技：第三届监事会第四次会议决议公告', 'http://bjzr.gfzr.com.cn/fina/2014-10-15/64473844.PDF', '2014-10-15'), ('254', '18', '430626', '[临时公告]胜达科技：关联交易公告', 'http://bjzr.gfzr.com.cn/fina/2014-10-15/64473845.PDF', '2014-10-15'), ('255', '18', '430626', '[临时公告]胜达科技：关于召开2014年第二次临时股东大会通知公告', 'http://bjzr.gfzr.com.cn/fina/2014-10-15/64473846.PDF', '2014-10-15'), ('256', '18', '430156', '[临时公告]科曼股份：2014年第二次临时股东大会决议公告', 'http://bjzr.gfzr.com.cn/fina/2014-10-15/64473841.PDF', '2014-10-15'), ('257', '18', '430156', '[临时公告]科曼股份：职工代表大会决议公告', 'http://bjzr.gfzr.com.cn/fina/2014-10-15/64473842.PDF', '2014-10-15'), ('258', '18', '430522', '[临时公告]超弦科技：第二届监事会第一次会议决议公告', 'http://bjzr.gfzr.com.cn/fina/2014-10-15/64473832.PDF', '2014-10-15'), ('259', '18', '430522', '[临时公告]超弦科技：第二届董事会第一次会议决议公告', 'http://bjzr.gfzr.com.cn/fina/2014-10-15/64473833.PDF', '2014-10-15'), ('260', '18', '430522', '[临时公告]超弦科技：董事、监事及高级管理人员变动公告（一）', 'http://bjzr.gfzr.com.cn/fina/2014-10-15/64473834.PDF', '2014-10-15'), ('261', '18', '430522', '[临时公告]超弦科技：董事、监事及高级管理人员变动公告（二）', 'http://bjzr.gfzr.com.cn/fina/2014-10-15/64473835.PDF', '2014-10-15'), ('262', '18', '830830', '[临时公告]新昶虹：关于定向发行股票将在全国股份转让系统公开转让的公告', 'http://bjzr.gfzr.com.cn/fina/2014-10-15/64473828.PDF', '2014-10-15'), ('263', '18', '830830', '[临时公告]新昶虹：股票发行情况报告书', 'http://bjzr.gfzr.com.cn/fina/2014-10-15/64473829.PDF', '2014-10-15'), ('264', '18', '830830', '[临时公告]新昶虹：北京市中伦律师事务所关于公司定向发行股票合法合规性之法律意见书', 'http://bjzr.gfzr.com.cn/fina/2014-10-15/64473831.PDF', '2014-10-15'), ('265', '18', '830830', '[券商公告]新昶虹：东莞证券有限责任公司关于公司股票发行合法合规性意见', 'http://bjzr.gfzr.com.cn/fina/2014-10-15/64473830.PDF', '2014-10-15'), ('266', '18', '430357', '[临时公告]行悦信息：第一届监事会第六次会议决议', 'http://bjzr.gfzr.com.cn/fina/2014-10-15/64473826.PDF', '2014-10-15'), ('267', '18', '430357', '[临时公告]行悦信息：第一届董事会第十次会议决议暨召开2014年第三次临时股东大会的通知', 'http://bjzr.gfzr.com.cn/fina/2014-10-15/64473827.PDF', '2014-10-15'), ('268', '18', '430243', '[临时公告]铜牛信息：股票发行认购公告', 'http://bjzr.gfzr.com.cn/fina/2014-10-15/64473823.PDF', '2014-10-15'), ('269', '18', '430243', '[临时公告]铜牛信息：2014年第三次临时股东大会决议公告', 'http://bjzr.gfzr.com.cn/fina/2014-10-15/64473824.PDF', '2014-10-15'), ('270', '18', '430243', '[临时公告]铜牛信息：2014年第三次临时股东大会的法律意见书', 'http://bjzr.gfzr.com.cn/fina/2014-10-15/64473825.PDF', '2014-10-15'), ('271', '18', '430011', '[临时公告]指 南 针：关于公司重大资产重组进展情况的公告', 'http://bjzr.gfzr.com.cn/fina/2014-10-15/64473805.PDF', '2014-10-15'), ('272', '18', '831152', '[临时公告]昆工恒达：首批解除股份限售登记的公告', 'http://bjzr.gfzr.com.cn/fina/2014-10-15/64473806.PDF', '2014-10-15'), ('273', '18', '430191', '[临时公告]波尔通信：第一届董事会第二十三次会议决议公告', 'http://bjzr.gfzr.com.cn/fina/2014-10-15/64473807.PDF', '2014-10-15'), ('274', '18', '430455', '[临时公告]德联科技：第一届董事会第十三次会议决议公告暨召开2014年第三次临时股东大会通知', 'http://bjzr.gfzr.com.cn/fina/2014-10-15/64473808.PDF', '2014-10-15'), ('275', '18', '430739', '[临时公告]银花股份：2014年第一次临时股东大会决议公告', 'http://bjzr.gfzr.com.cn/fina/2014-10-15/64473809.PDF', '2014-10-15'), ('276', '18', '430110', '[临时公告]百拓科技：第二届董事会第二次会议决议公告暨关于召开2014年第四次临时股东大会的通知', 'http://bjzr.gfzr.com.cn/fina/2014-10-15/64473789.PDF', '2014-10-15'), ('277', '18', '430110', '[临时公告]百拓科技：定向发行方案', 'http://bjzr.gfzr.com.cn/fina/2014-10-15/64473790.PDF', '2014-10-15'), ('278', '18', '430273', '[临时公告]永天科技：召开2014年第三次临时股东大会的通知', 'http://bjzr.gfzr.com.cn/fina/2014-10-15/64473522.PDF', '2014-10-15'), ('279', '18', '430273', '[临时公告]永天科技：第一届董事会第十二次临时会议决议的公告', 'http://bjzr.gfzr.com.cn/fina/2014-10-15/64473523.PDF', '2014-10-15'), ('280', '18', '830799', '[临时公告]艾融软件：股票发行方案', 'http://bjzr.gfzr.com.cn/fina/2014-10-15/64473519.PDF', '2014-10-15'), ('281', '18', '830799', '[临时公告]艾融软件：第一届董事会第八次会议决议公告', 'http://bjzr.gfzr.com.cn/fina/2014-10-15/64473520.PDF', '2014-10-15'), ('282', '18', '830799', '[临时公告]艾融软件：关于召开2014年第三次临时股东大会通知公告', 'http://bjzr.gfzr.com.cn/fina/2014-10-15/64473521.PDF', '2014-10-15'), ('283', '18', '830898', '[临时公告]华人天地：监事变动暨2014年第二次临时股东大会增加临时提案的公告', 'http://bjzr.gfzr.com.cn/fina/2014-10-15/64473514.PDF', '2014-10-15'), ('284', '18', '430479', '[临时公告]网阔信息：关于公司股票发行股份将在全国中小企业股份转让系统挂牌并公开转让的公告', 'http://bjzr.gfzr.com.cn/fina/2014-10-15/64473508.PDF', '2014-10-15'), ('285', '18', '430479', '[临时公告]网阔信息：关于完成工商变更登记的公告', 'http://bjzr.gfzr.com.cn/fina/2014-10-15/64473509.PDF', '2014-10-15'), ('286', '18', '430479', '[临时公告]网阔信息：股票发行情况报告书', 'http://bjzr.gfzr.com.cn/fina/2014-10-15/64473510.PDF', '2014-10-15'), ('287', '18', '430479', '[临时公告]网阔信息：泰和泰（北京）律师事务所关于公司定向发行股票的法律意见书', 'http://bjzr.gfzr.com.cn/fina/2014-10-15/64473511.PDF', '2014-10-15'), ('288', '18', '430479', '[券商公告]网阔信息：华西证券股份有限公司关于公司股票发行合法合规性意见', 'http://bjzr.gfzr.com.cn/fina/2014-10-15/64473507.PDF', '2014-10-15'), ('289', '18', '430762', '[临时公告]荣昌育种：收购资产的公告', 'http://bjzr.gfzr.com.cn/fina/2014-10-15/64473370.PDF', '2014-10-15'), ('290', '18', '830875', '[临时公告]千草生物：2014年第三次临时股东大会的法律意见书', 'http://bjzr.gfzr.com.cn/fina/2014-10-15/64473365.PDF', '2014-10-15'), ('291', '18', '830875', '[临时公告]千草生物：2014年第三次临时股东大会决议公告', 'http://bjzr.gfzr.com.cn/fina/2014-10-15/64473366.PDF', '2014-10-15'), ('292', '18', '830875', '[临时公告]千草生物：股票发行认购公告', 'http://bjzr.gfzr.com.cn/fina/2014-10-15/64473367.PDF', '2014-10-15'), ('293', '18', '430502', '[临时公告]万隆电气：第一届董事会第十一次会议决议公告暨召开2014年第二次临时股东大会的通知', 'http://bjzr.gfzr.com.cn/fina/2014-10-15/64473358.PDF', '2014-10-15'), ('294', '18', '430502', '[临时公告]万隆电气：第一届监事会第六次会议决议公告', 'http://bjzr.gfzr.com.cn/fina/2014-10-15/64473359.PDF', '2014-10-15'), ('295', '18', '430502', '[临时公告]万隆电气：关于职工代表监事换届选举的公告', 'http://bjzr.gfzr.com.cn/fina/2014-10-15/64473360.PDF', '2014-10-15'), ('296', '18', '430323', '[临时公告]天阶生物：关于公司股东名称变更的公告', 'http://bjzr.gfzr.com.cn/fina/2014-10-15/64473354.PDF', '2014-10-15'), ('297', '18', '430323', '[临时公告]天阶生物：第一届董事会第七次会议决议公告暨召开2014年第二次临时股东大会的通知', 'http://bjzr.gfzr.com.cn/fina/2014-10-15/64473355.PDF', '2014-10-15'), ('298', '18', '430154', '[临时公告]中科通达：第一届董事会第二十次会议决议公告', 'http://bjzr.gfzr.com.cn/fina/2014-10-15/64473341.PDF', '2014-10-15'), ('299', '18', '430222', '[临时公告]璟泓科技：股票发行情况报告书', 'http://bjzr.gfzr.com.cn/fina/2014-10-15/64473336.PDF', '2014-10-15'), ('300', '18', '430222', '[临时公告]璟泓科技：北京大成（武汉）律师事务所关于公司股票发行之法律意见书', 'http://bjzr.gfzr.com.cn/fina/2014-10-15/64473338.PDF', '2014-10-15'), ('301', '18', '430222', '[券商公告]璟泓科技：长江证券股份有限公司关于公司股票发行合法合规性意见', 'http://bjzr.gfzr.com.cn/fina/2014-10-15/64473337.PDF', '2014-10-15'), ('302', '18', '430483', '[临时公告]森鹰窗业：2014年第二次临时股东大会决议公告', 'http://bjzr.gfzr.com.cn/fina/2014-10-15/64473276.PDF', '2014-10-15'), ('303', '18', '830865', '[临时公告]南菱汽车：第二届董事会第五次会议决议公告', 'http://bjzr.gfzr.com.cn/fina/2014-10-15/64473274.PDF', '2014-10-15'), ('304', '18', '830865', '[临时公告]南菱汽车：高级管理人员变动公告', 'http://bjzr.gfzr.com.cn/fina/2014-10-15/64473275.PDF', '2014-10-15'), ('305', '2', '100117', '东轴轴承：2014年第三次临时股东大会决议公告', 'http://www.china-see.com/setc_admin/upload/myupload_6702.pdf', '2014-10-15'), ('306', '2', '100151', '尚善生物：2014年第四次临时股东大会决议公告', 'http://www.china-see.com/setc_admin/upload/myupload_6699.pdf', '2014-10-15'), ('307', '2', '100151', '尚善生物：2014年第四次临时股东大会法律意见书', 'http://www.china-see.com/setc_admin/upload/myupload_6700.pdf', '2014-10-15'), ('308', '2', '100135', '元创美新：2014年第二次临时股东大会决议公告', 'http://www.china-see.com/setc_admin/upload/myupload_6705.pdf', '2014-10-15'), ('309', '2', '100135', '元创美新：2014年第二次临时股东大会法律意见书', 'http://www.china-see.com/setc_admin/upload/myupload_6704.pdf', '2014-10-15'), ('310', '2', '100111', '上源农业：关于公司完成工商变更登记的公告', 'http://www.china-see.com/setc_admin/upload/myupload_6701.pdf', '2014-10-15'), ('311', '2', '100056', '昂华股份：第一届董事会第六次会议决议公告暨召开2014年...', 'http://www.china-see.com/setc_admin/upload/myupload_6679.pdf', '2014-10-14'), ('312', '12', '', '宁夏宁宏基耐磨材料股份有限公司2014年第三季度重大事项声明', 'http://www.tjsoc.com/web/pdf/信息披露/宁夏宁宏基耐磨材料股份有限公司2014年第三季度重大事项声明.pdf', '2014-10-15'), ('313', '18', '430550', '[临时公告]沃克斯：关于通裕重工股份有限公司工程中标的公告', 'http://bjzr.gfzr.com.cn/fina/2014-10-16/64475589.PDF', '2014-10-16'), ('314', '18', '430748', '[临时公告]恒均科技：第一届董事会第八次会议决议公告暨召开2014年第三次临时股东大会的通知', 'http://bjzr.gfzr.com.cn/fina/2014-10-16/64475631.PDF', '2014-10-16'), ('315', '18', '430748', '[临时公告]恒均科技：股票发行方案', 'http://bjzr.gfzr.com.cn/fina/2014-10-16/64475632.PDF', '2014-10-16'), ('316', '18', '830798', '[临时公告]中外名人：第二届董事会第九次会议公告', 'http://bjzr.gfzr.com.cn/fina/2014-10-16/64475629.PDF', '2014-10-16'), ('317', '18', '830798', '[临时公告]中外名人：第二届董事会第八次会议公告', 'http://bjzr.gfzr.com.cn/fina/2014-10-16/64475630.PDF', '2014-10-16'), ('318', '18', '430714', '[临时公告]奇才股份：股票发行方案（2014年10月）', 'http://bjzr.gfzr.com.cn/fina/2014-10-16/64475617.PDF', '2014-10-16'), ('319', '18', '430714', '[临时公告]奇才股份：第一届董事会第七次会议决议公告暨关于召开公司2014年第二次临时股东大会的通知', 'http://bjzr.gfzr.com.cn/fina/2014-10-16/64475618.PDF', '2014-10-16'), ('320', '18', '830896', '[临时公告]旺成科技：2014年半年度权益分派实施公告', 'http://bjzr.gfzr.com.cn/fina/2014-10-16/64475591.PDF', '2014-10-16'), ('321', '18', '430263', '[临时公告]蓝天环保：第一届董事会第二十三次会议决议公告暨召开2014年第四次临时股东大会的通知', 'http://bjzr.gfzr.com.cn/fina/2014-10-16/64475616.PDF', '2014-10-16'), ('322', '18', '430139', '[临时公告]华岭股份：股票解除限售公告', 'http://bjzr.gfzr.com.cn/fina/2014-10-16/64475590.PDF', '2014-10-16'), ('323', '18', '430129', '[临时公告]极品无限：2014年第三次临时股东大会决议公告', 'http://bjzr.gfzr.com.cn/fina/2014-10-16/64475588.PDF', '2014-10-16'), ('324', '18', '430192', '[临时公告]东展科博：关于公司定向发行股票将在全国中小企业股份转让系统挂牌并公开转让的公告', 'http://bjzr.gfzr.com.cn/fina/2014-10-16/64475581.PDF', '2014-10-16'), ('325', '18', '430192', '[临时公告]东展科博：股票发行情况报告书', 'http://bjzr.gfzr.com.cn/fina/2014-10-16/64475582.PDF', '2014-10-16'), ('326', '18', '430192', '[临时公告]东展科博：北京市隆安律师事务所关于公司股票发行合法合规性之法律意见书', 'http://bjzr.gfzr.com.cn/fina/2014-10-16/64475586.PDF', '2014-10-16'), ('327', '18', '430192', '[券商公告]东展科博：金元证券股份有限公司关于公司股票发行合法合规性之专项意见', 'http://bjzr.gfzr.com.cn/fina/2014-10-16/64475585.PDF', '2014-10-16'), ('328', '18', '430168', '[临时公告]博维仕：关于召开2014年第二次临时股东大会的通知', 'http://bjzr.gfzr.com.cn/fina/2014-10-16/64475570.PDF', '2014-10-16'), ('329', '18', '430168', '[临时公告]博维仕：第一届监事会第七次会议决议公告', 'http://bjzr.gfzr.com.cn/fina/2014-10-16/64475571.PDF', '2014-10-16'), ('330', '18', '430168', '[临时公告]博维仕：第一届董事会第十次会议决议公告', 'http://bjzr.gfzr.com.cn/fina/2014-10-16/64475572.PDF', '2014-10-16'), ('331', '18', '430168', '[临时公告]博维仕：职工代表大会决议公告', 'http://bjzr.gfzr.com.cn/fina/2014-10-16/64475573.PDF', '2014-10-16'), ('332', '18', '830897', '[临时公告]志向科研：关于召开公司2014年第二次临时股东大会通知公告', 'http://bjzr.gfzr.com.cn/fina/2014-10-16/64475568.PDF', '2014-10-16'), ('333', '18', '830897', '[临时公告]志向科研：第一届董事会第十次会议决议公告', 'http://bjzr.gfzr.com.cn/fina/2014-10-16/64475569.PDF', '2014-10-16'), ('334', '18', '831144', '[临时公告]欣影科技：第一届董事会第四次会议决议公告', 'http://bjzr.gfzr.com.cn/fina/2014-10-16/64475470.PDF', '2014-10-16'), ('335', '18', '430398', '[临时公告]励图科技：2014年第二次临时股东大会决议公告', 'http://bjzr.gfzr.com.cn/fina/2014-10-16/64475456.PDF', '2014-10-16'), ('336', '18', '831030', '[临时公告]卓华信息：股票解除限售公告', 'http://bjzr.gfzr.com.cn/fina/2014-10-16/64475459.PDF', '2014-10-16'), ('337', '18', '430583', '[临时公告]国贸酝领：股票解除限售公告', 'http://bjzr.gfzr.com.cn/fina/2014-10-16/64475458.PDF', '2014-10-16'), ('338', '18', '830821', '[临时公告]雪郎生物：股票发行认购公告', 'http://bjzr.gfzr.com.cn/fina/2014-10-16/64475460.PDF', '2014-10-16'), ('339', '18', '430208', '[临时公告]优炫软件：解除股份限售登记的公告', 'http://bjzr.gfzr.com.cn/fina/2014-10-16/64475457.PDF', '2014-10-16'), ('340', '18', '430494', '[临时公告]华博胜讯：监事会主席辞职的公告', 'http://bjzr.gfzr.com.cn/fina/2014-10-16/64475454.PDF', '2014-10-16'), ('341', '18', '430494', '[临时公告]华博胜讯：第一届董事会第八次会议决议公告暨召开2014年第四次临时股东大会的通知', 'http://bjzr.gfzr.com.cn/fina/2014-10-16/64475455.PDF', '2014-10-16'), ('342', '18', '430199', '[临时公告]了望股份：2014年第三次临时股东大会决议公告', 'http://bjzr.gfzr.com.cn/fina/2014-10-16/64475448.PDF', '2014-10-16'), ('343', '18', '430199', '[临时公告]了望股份：股权收购公告', 'http://bjzr.gfzr.com.cn/fina/2014-10-16/64475449.PDF', '2014-10-16'), ('344', '18', '831221', '[临时公告]聚阳环保：关于公司股票将在全国股份转让系统挂牌公开转让的提示性公告', 'http://bjzr.gfzr.com.cn/fina/2014-10-16/64474864.PDF', '2014-10-16'), ('345', '18', '831210', '[临时公告]圣海林：关于公司股票将在全国股份转让系统挂牌公开转让的提示性公告', 'http://bjzr.gfzr.com.cn/fina/2014-10-16/64474865.PDF', '2014-10-16'), ('346', '18', '831218', '[临时公告]成丰股份：关于公司股票将在全国股份转让系统挂牌公开转让的提示性公告', 'http://bjzr.gfzr.com.cn/fina/2014-10-16/64474866.PDF', '2014-10-16'), ('347', '18', '831200', '[临时公告]巨正源：关于公司股票将在全国股份转让系统挂牌公开转让的提示性公告', 'http://bjzr.gfzr.com.cn/fina/2014-10-16/64474867.PDF', '2014-10-16'), ('348', '18', '830792', '[临时公告]创新科技：股份发行认购公告', 'http://bjzr.gfzr.com.cn/fina/2014-10-16/64474828.PDF', '2014-10-16'), ('349', '18', '830792', '[临时公告]创新科技：2014年第一次临时股东大会决议公告', 'http://bjzr.gfzr.com.cn/fina/2014-10-16/64474826.PDF', '2014-10-16'), ('350', '18', '831008', '[临时公告]百华悦邦：公司章程（2014年10月）', 'http://bjzr.gfzr.com.cn/fina/2014-10-16/64473847.PDF', '2014-10-16'), ('351', '18', '831008', '[临时公告]百华悦邦：2014年第三次临时股东大会决议公告', 'http://bjzr.gfzr.com.cn/fina/2014-10-16/64473848.PDF', '2014-10-16'), ('352', '2', '100280', '联诚科技：法律意见书', 'http://www.china-see.com/disclosureDetail.do?articleId=8745&articleType=pre_company', '2014-10-14'), ('353', '2', '100280', '联诚科技：审计报告', 'http://www.china-see.com/disclosureDetail.do?articleId=8744&articleType=pre_company', '2014-10-14'), ('354', '2', '100280', '联诚科技：公司章程', 'http://www.china-see.com/disclosureDetail.do?articleId=8743&articleType=pre_company', '2014-10-14'), ('355', '2', '100280', '联诚科技：股份转让说明书', 'http://www.china-see.com/disclosureDetail.do?articleId=8742&articleType=pre_company', '2014-10-14'), ('356', '2', '100278', '康丽股份：股份转让说明书', 'http://www.china-see.com/disclosureDetail.do?articleId=8523&articleType=pre_company', '2014-10-10'), ('357', '2', '100278', '康丽股份：审计报告', 'http://www.china-see.com/disclosureDetail.do?articleId=8522&articleType=pre_company', '2014-10-10'), ('358', '2', '100278', '康丽股份：公司章程', 'http://www.china-see.com/disclosureDetail.do?articleId=8521&articleType=pre_company', '2014-10-10'), ('359', '2', '100278', '康丽股份：法律意见书', 'http://www.china-see.com/disclosureDetail.do?articleId=8520&articleType=pre_company', '2014-10-10'), ('360', '2', '100273', '声浩股份：法律意见书', 'http://www.china-see.com/disclosureDetail.do?articleId=8516&articleType=pre_company', '2014-10-10'), ('361', '2', '100273', '声浩股份：审计报告', 'http://www.china-see.com/disclosureDetail.do?articleId=8515&articleType=pre_company', '2014-10-10'), ('362', '2', '100273', '声浩股份：股份转让说明书', 'http://www.china-see.com/disclosureDetail.do?articleId=8514&articleType=pre_company', '2014-10-10'), ('363', '2', '100273', '声浩股份：公司章程', 'http://www.china-see.com/disclosureDetail.do?articleId=8513&articleType=pre_company', '2014-10-10'), ('364', '2', '100265', '宣宇医疗：股份转让说明书', 'http://www.china-see.com/disclosureDetail.do?articleId=8464&articleType=pre_company', '2014-09-30'), ('365', '2', '100265', '宣宇医疗：公司章程', 'http://www.china-see.com/disclosureDetail.do?articleId=8465&articleType=pre_company', '2014-09-30'), ('366', '2', '100265', '宣宇医疗：审计报告', 'http://www.china-see.com/disclosureDetail.do?articleId=8466&articleType=pre_company', '2014-09-30'), ('367', '2', '100265', '宣宇医疗：法律意见书', 'http://www.china-see.com/disclosureDetail.do?articleId=8467&articleType=pre_company', '2014-09-30'), ('368', '2', '100271', '山泉股份：法律意见书', 'http://www.china-see.com/disclosureDetail.do?articleId=8493&articleType=pre_company', '2014-09-30'), ('369', '2', '100271', '山泉股份：公司章程', 'http://www.china-see.com/disclosureDetail.do?articleId=8494&articleType=pre_company', '2014-09-30'), ('370', '2', '100271', '山泉股份：股份转让说明书', 'http://www.china-see.com/disclosureDetail.do?articleId=8495&articleType=pre_company', '2014-09-30'), ('371', '2', '100271', '山泉股份：审计报告', 'http://www.china-see.com/disclosureDetail.do?articleId=8496&articleType=pre_company', '2014-09-30'), ('372', '12', '', '河北鸿图汽车零部件股份有限公司2014年第三季度重大事项声明', 'http://www.tjsoc.com/web/pdf/信息披露/河北鸿图汽车零部件股份有限公司2014年第三季度重大事项声明.pdf', '2014-10-16'), ('373', '12', '', '河北新中联特种钢管股份有限公司2014年第三季度重大事项声明', 'http://www.tjsoc.com/web/pdf/信息披露/河北新中联特种钢管股份有限公司2014年第三季度重大事项声明.pdf', '2014-10-16'), ('374', '12', '', '福建卫东实业股份有限公司第二届董事会2014年第五次会议决议公告', 'http://www.tjsoc.com/web/pdf/信息披露/福建卫东实业股份有限公司第二届董事会2014年第五次会议决议公告.pdf', '2014-10-16'), ('375', '12', '', '潍坊大业化工股份有限公司2014年第二次临时股东大会决议公告', 'http://www.tjsoc.com/web/pdf/信息披露/潍坊大业化工股份有限公司2014年第二次临时股东大会决议公告.pdf', '2014-10-16'), ('376', '12', '', '山东华通环境科技股份有限公司关于“HT-SST污水生态净化系统”项目的重大事项公告', 'http://www.tjsoc.com/web/pdf/信息披露/山东华通环境科技股份有限公司关于“HT-SST污水生态净化系统”项目的重大事项公告.pdf', '2014-10-16'), ('377', '12', '', '湖南菁芗米业股份有限公司2014年第三季度重大事项声明', 'http://www.tjsoc.com/web/pdf/信息披露/湖南菁芗米业股份有限公司2014年第三季度重大事项声明.pdf', '2014-10-16'), ('378', '12', '', '邢台美的客食品股份有限公司2014年第三季度重大事项声明', 'http://www.tjsoc.com/web/pdf/信息披露/邢台美的客食品股份有限公司2014年第三季度重大事项声明.pdf', '2014-10-16'), ('379', '12', '', '河北平衡阀门股份有限公司2014年第三季度重大事项声明', 'http://www.tjsoc.com/web/pdf/信息披露/河北平衡阀门股份有限公司2014年第三季度重大事项声明.pdf', '2014-10-16'), ('380', '12', '', '河北港腾物流有限公司公司2014年第三季度重大事项声明', 'http://www.tjsoc.com/web/pdf/信息披露/河北港腾物流股份有限公司2014年第三季度重大事项声明.pdf', '2014-10-16'), ('381', '12', '', '天津市中能特种电线电缆制造股份有限公司关于召开2014年第一次临时股东大会的通知', 'http://www.tjsoc.com/web/pdf/信息披露/天津市中能特种电线电缆制造股份有限公司关于召开2014年第一次临时股东大会的通知.pdf', '2014-10-16'), ('382', '12', '', '天津市中能特种电线电缆制造股份有限公司第一届董事会2014年第四次会议决议公告', 'http://www.tjsoc.com/web/pdf/信息披露/天津市中能特种电线电缆制造股份有限公司第一届董事会2014年第四次会议决议公告.pdf', '2014-10-16'), ('383', '12', '', '天津市中能特种电线电缆制造股份有限公司关于公司董事辞职的公告', 'http://www.tjsoc.com/web/pdf/信息披露/天津市中能特种电线电缆制造股份有限公司关于公司董事辞职的公告（2014.10.16）.pdf', '2014-10-16'), ('384', '18', '831173', '[临时公告]泰恩康：关于召开2014年第三次临时股东大会的通知公告', 'http://bjzr.gfzr.com.cn/fina/2014-10-16/64476105.PDF', '2014-10-16'), ('385', '18', '831173', '[临时公告]泰恩康：拟设立全资子公司', 'http://bjzr.gfzr.com.cn/fina/2014-10-16/64476106.PDF', '2014-10-16'), ('386', '18', '831173', '[临时公告]泰恩康：第一届董事会第十次会议决议公告', 'http://bjzr.gfzr.com.cn/fina/2014-10-16/64476107.PDF', '2014-10-16'), ('387', '18', '830908', '[临时公告]普诺威：2014年第四次临时股东大会决议公告', 'http://bjzr.gfzr.com.cn/fina/2014-10-16/64476078.PDF', '2014-10-16'), ('388', '18', '830908', '[临时公告]普诺威：2014年第四次临时股东大会的法律意见书', 'http://bjzr.gfzr.com.cn/fina/2014-10-16/64476079.PDF', '2014-10-16'), ('389', '18', '830908', '[临时公告]普诺威：股票发行认购公告', 'http://bjzr.gfzr.com.cn/fina/2014-10-16/64476080.PDF', '2014-10-16'), ('390', '18', '430610', '[临时公告]瀚远科技：权益变动公告', 'http://bjzr.gfzr.com.cn/fina/2014-10-16/64476074.PDF', '2014-10-16'), ('391', '18', '430610', '[临时公告]瀚远科技：股票交易异常波动公告', 'http://bjzr.gfzr.com.cn/fina/2014-10-16/64476075.PDF', '2014-10-16'), ('392', '18', '830774', '[临时公告]百博生物：关于召开2014年第三次临时股东大会通知公告', 'http://bjzr.gfzr.com.cn/fina/2014-10-16/64476065.PDF', '2014-10-16'), ('393', '18', '830774', '[临时公告]百博生物：关联交易公告', 'http://bjzr.gfzr.com.cn/fina/2014-10-16/64476066.PDF', '2014-10-16'), ('394', '18', '830774', '[临时公告]百博生物：第一届董事会第八次会议决议公告', 'http://bjzr.gfzr.com.cn/fina/2014-10-16/64476067.PDF', '2014-10-16'), ('395', '18', '430407', '[临时公告]长合信息：权益变动公告', 'http://bjzr.gfzr.com.cn/fina/2014-10-16/64476062.PDF', '2014-10-16'), ('396', '18', '430266', '[临时公告]联动设计：权益变动公告', 'http://bjzr.gfzr.com.cn/fina/2014-10-16/64476063.PDF', '2014-10-16'), ('397', '18', '430185', '[临时公告]普瑞物联：关于召开2014年第一次临时股东大会通知公告', 'http://bjzr.gfzr.com.cn/fina/2014-10-16/64476060.PDF', '2014-10-16'), ('398', '18', '430185', '[临时公告]普瑞物联：第一届董事会第十四次会议决议公告', 'http://bjzr.gfzr.com.cn/fina/2014-10-16/64476061.PDF', '2014-10-16'), ('399', '18', '831021', '[临时公告]华雁信息：第三届董事会第九次会议决议公告', 'http://bjzr.gfzr.com.cn/fina/2014-10-16/64476058.PDF', '2014-10-16'), ('400', '18', '831021', '[临时公告]华雁信息：2014年第六次临时股东大会通知公告', 'http://bjzr.gfzr.com.cn/fina/2014-10-16/64476059.PDF', '2014-10-16'), ('401', '18', '430042', '[临时公告]科 瑞 讯：第三届董事会第三次会议决议公告', 'http://bjzr.gfzr.com.cn/fina/2014-10-16/64475980.PDF', '2014-10-16'), ('402', '18', '430042', '[临时公告]科 瑞 讯：关于股东为公司银行贷款提供担保的关联交易公告', 'http://bjzr.gfzr.com.cn/fina/2014-10-16/64475981.PDF', '2014-10-16'), ('403', '18', '430042', '[临时公告]科 瑞 讯：召开2014年第一次临时股东大会的通知', 'http://bjzr.gfzr.com.cn/fina/2014-10-16/64475982.PDF', '2014-10-16'), ('404', '18', '430043', '[临时公告]世纪东方：因重大事项临时停牌公告', 'http://bjzr.gfzr.com.cn/fina/2014-10-16/64475978.PDF', '2014-10-16'), ('405', '18', '830872', '[临时公告]长信畅中：2014年第一次临时股东大会会议决议', 'http://bjzr.gfzr.com.cn/fina/2014-10-16/64475979.PDF', '2014-10-16'), ('406', '18', '430320', '[临时公告]江扬环境：股权质押公告', 'http://bjzr.gfzr.com.cn/fina/2014-10-16/64475916.PDF', '2014-10-16'), ('407', '18', '831163', '[临时公告]艾科新材：信息披露管理制度（2014年10月）', 'http://bjzr.gfzr.com.cn/fina/2014-10-16/64475882.PDF', '2014-10-16'), ('408', '18', '831163', '[临时公告]艾科新材：关于取得8项实用新型专利证书的公告', 'http://bjzr.gfzr.com.cn/fina/2014-10-16/64475883.PDF', '2014-10-16'), ('409', '18', '831163', '[临时公告]艾科新材：第一届董事会第五次会议决议公告', 'http://bjzr.gfzr.com.cn/fina/2014-10-16/64475884.PDF', '2014-10-16'), ('410', '18', '831111', '[临时公告]智明恒：2014年第三次临时股东大会决议公告', 'http://bjzr.gfzr.com.cn/fina/2014-10-16/64475865.PDF', '2014-10-16'), ('411', '18', '831111', '[临时公告]智明恒：2014年股票发行认购公告', 'http://bjzr.gfzr.com.cn/fina/2014-10-16/64475866.PDF', '2014-10-16'), ('412', '18', '430420', '[临时公告]易城股份：2014年度第一次临时股东大会之法律意见书', 'http://bjzr.gfzr.com.cn/fina/2014-10-16/64475862.PDF', '2014-10-16'), ('413', '18', '430420', '[临时公告]易城股份：股票发行认购公告', 'http://bjzr.gfzr.com.cn/fina/2014-10-16/64475863.PDF', '2014-10-16'), ('414', '18', '430420', '[临时公告]易城股份：2014年度第一次临时股东大会决议公告', 'http://bjzr.gfzr.com.cn/fina/2014-10-16/64475864.PDF', '2014-10-16'), ('415', '18', '430272', '[临时公告]世富环保：2014年度第四次临时股东大会决议公告', 'http://bjzr.gfzr.com.cn/fina/2014-10-16/64475861.PDF', '2014-10-16'), ('416', '18', '830777', '[临时公告]金达莱：2014年第二次临时股东大会决议公告', 'http://bjzr.gfzr.com.cn/fina/2014-10-16/64475859.PDF', '2014-10-16'), ('417', '18', '830777', '[临时公告]金达莱：股票发行认购公告', 'http://bjzr.gfzr.com.cn/fina/2014-10-16/64475860.PDF', '2014-10-16'), ('418', '12', '', '漳州市汇星鞋业股份有限公司停牌公告', 'http://www.tjsoc.com/web/pdf/信息披露/漳州市汇星鞋业股份有限公司停牌公告(2014.10.16).pdf', '2014-10-16'), ('419', '12', '', '河北田园农业科技股份有限公司2014年中期报告', 'http://www.tjsoc.com/web/pdf/信息披露/河北田园农业科技股份有限公司2014年度中期报告.pdf', '2014-10-16'), ('420', '12', '', '贵州品三科技股份股份有限公司2014年中期报告', 'http://www.tjsoc.com/web/pdf/信息披露/贵州品三科技股份有限公司2014年度中期报告.pdf', '2014-10-16');
COMMIT;

-- ----------------------------
--  Table structure for `otc_otc_study`
-- ----------------------------
DROP TABLE IF EXISTS `otc_otc_study`;
CREATE TABLE `otc_otc_study` (
  `id` int(11) NOT NULL AUTO_INCREMENT,
  `stu_code` varchar(30) NOT NULL,
  `stu_title` varchar(100) NOT NULL,
  `stu_url` varchar(100) NOT NULL,
  `stu_date` date NOT NULL,
  PRIMARY KEY (`id`)
) ENGINE=MyISAM AUTO_INCREMENT=10 DEFAULT CHARSET=utf8;

-- ----------------------------
--  Records of `otc_otc_study`
-- ----------------------------
BEGIN;
INSERT INTO `otc_otc_study` VALUES ('1', '1', '2014年5月场外市场报告', 'pdf/2014年5月场外市场报告.pdf', '2014-07-14'), ('2', '2', '2014年4月场外市场报告', 'pdf/2014年4月场外市场报告.pdf', '2014-07-14'), ('3', '3', '2014年3月场外市场报告', 'pdf/2014年3月场外市场报告.pdf', '2014-07-14'), ('4', '4', '2014年2月场外市场报告', 'pdf/2014年2月场外市场报告.pdf', '2014-07-14'), ('5', '5', '资本市场改革与扩容打开创投成长空间', 'pdf/资本市场改革与扩容打开创投成长空间_3.pdf', '2014-07-14'), ('6', '6', '申银万国-新三板挂牌公司2013年年报分析', 'pdf/申银万国-新三板挂牌公司2013年年报分析_1.pdf', '2014-07-14'), ('7', '7', '行业研究：激活新三板市场交易，提升流动性', 'pdf/华泰证券-行业研究激活新三板市场交易提升流动性.pdf', '2014-07-14'), ('8', '8', '2013年上海自贸区与深圳前海发展研究报告', 'pdf/2013年上海自贸区与深圳前海发展研究报告简版.pdf', '2014-07-14'), ('9', '9', '818家新三板企业深度梳理', 'pdf/818家新三板企业深度梳理_.pdf', '2014-07-08');
COMMIT;

-- ----------------------------
--  Table structure for `otc_region`
-- ----------------------------
DROP TABLE IF EXISTS `otc_region`;
CREATE TABLE `otc_region` (
  `id` int(11) NOT NULL AUTO_INCREMENT,
  `reg_name` varchar(50) NOT NULL,
  PRIMARY KEY (`id`)
) ENGINE=MyISAM AUTO_INCREMENT=19 DEFAULT CHARSET=utf8;

-- ----------------------------
--  Records of `otc_region`
-- ----------------------------
BEGIN;
INSERT INTO `otc_region` VALUES ('1', '齐鲁'), ('2', '上海'), ('3', '浙江'), ('4', '武汉'), ('5', '辽宁'), ('6', '山西'), ('7', '海峡'), ('8', '广州'), ('9', '前海'), ('10', '新疆'), ('11', '北京'), ('12', '天津'), ('13', '重庆'), ('14', '吉林'), ('15', '甘肃'), ('16', '江苏'), ('17', '安徽'), ('18', '中小股转');
COMMIT;

SET FOREIGN_KEY_CHECKS = 1;
